0
@
4000
@
201
@
0 RESET0
1 _n454
2 _n455
3 SC0
4 _n315
5 SREQP0
6 _n314
7 _n316
8 _n317
9 _n318
10 _n319
11 _n320
12 _n321
13 _n322
14 _n323
15 _n324
16 _n325
17 SDATA0
18 SDATA1
19 SDATA2
20 SDATA3
21 SDATA4
22 SDATA5
23 SDATA6
24 SDATA7
25 CTS0
26 SEND0
27 _n387
28 SEND1
29 _n386
30 TP0
31 TP1
32 TP2
33 TP3
34 TP4
35 TP5
36 TP6
37 TP7
38 TP8
39 TP9
40 TP10
41 TP11
42 T0P0
43 _n29
44 T1P0
45 _n215
46 _n216
47 T2P0
48 _n37
49 T2P1
50 _n38
51 T2P2
52 _n39
53 T2P3
54 _n40
55 T2P4
56 _n41
57 T2P5
58 _n42
59 T2P6
60 _n43
61 T2P7
62 _n44
63 T2P8
64 _n45
65 T3P0
66 _n56
67 T3P1
68 _n57
69 T3P2
70 _n58
71 T3P3
72 _n59
73 T4P0
74 _n63
75 T4P1
76 _n64
77 T4P2
78 _n65
79 T4P3
80 _n66
81 T5P0
82 _n143
83 _n14
84 DATA0
85 _n47
86 DATA1
87 _n48
88 DATA2
89 _n49
90 DATA3
91 _n50
92 DATA4
93 _n51
94 DATA5
95 _n52
96 DATA6
97 _n53
98 DATA7
99 _n54
100 PARITY0
101 _n68
102 _n15
103 _n19
104 _n20
105 _n21
106 _n125
107 _n22
108 _n126
109 _n137
110 _n140
111 _n31
112 _n24
113 RXD0
114 _n180
115 _n181
116 _n33
117 _n25
118 _n26
119 _n164
120 _n27
121 _n165
122 _n158
123 _n175
124 _n177
125 _n178
126 _n186
127 _n195
128 _n199
129 _n200
130 _n210
131 _n212
132 _n213
133 _n35
134 _n223
135 _n61
136 _n235
137 _n259
138 _n260
139 _n241
140 _n244
141 _n245
142 _n247
143 _n248
144 _n265
145 _n369
146 _n327
147 _n370
148 _n371
149 _n372
150 _n373
151 _n353
152 _n374
153 _n354
154 _n355
155 _n356
156 _n357
157 _n350
158 _n375
159 _n376
160 _n331
161 _n377
162 _n378
163 _n379
164 _n380
165 _n381
166 _n382
167 _n383
168 _n384
169 _n385
170 _n392
171 _n388
172 _n366
173 _n367
174 _n352
175 _n389
176 _n390
177 _n361
178 _n391
179 _n362
180 _n360
181 _n363
182 _n364
183 _n365
184 _n404
185 _n405
186 _n406
187 _n407
188 _n408
189 _n409
190 _n410
191 _n411
192 _n412
193 _n413
194 _n428
195 _n446
196 _n448
197 _n451
198 _n452
199 0
200 1
@
>
0:11:16:118:120:121:123:125:126:127:130:142:143:145:182:1109:1110:1113:1114:1124:1126:1131:1136:1139:1140:1142:1146:1154:1155:1156:1170:1172:1182:1196:1197:1>
3:14:16:026:027:030:031:142:043:0113:0170:0>
6:130:1184:1>
3:04:06:07:130:031:032:1184:0196:0197:0>
0:01:06:130:1126:0146:0>
2:13:14:16:026:127:130:031:1113:1198:1>
6:130:183:1145:1184:1185:1>
3:04:06:07:08:130:031:032:033:183:0102:1145:0147:1148:1184:0185:0195:1>
6:130:1102:0147:0>
3:14:15:16:030:031:1160:1>
5:06:128:129:130:183:1145:1160:0161:1163:1164:1166:1168:1169:1184:1>
3:04:06:07:130:031:032:183:0102:1145:0147:1148:0149:1184:0>
6:130:1102:0147:0>
3:14:16:030:031:1>
6:130:183:1145:1184:1185:1186:1>
3:04:06:07:08:09:130:031:032:033:034:183:0102:1145:0147:1148:1184:0185:0186:0>
6:130:1102:0147:0>
3:14:16:030:031:1>
6:130:183:1145:1151:1184:1>
3:04:06:07:130:031:032:183:0102:1145:0147:1148:0149:0150:1151:0184:0>
6:130:1102:0147:0>
3:14:16:030:031:1>
6:130:183:1145:1184:1185:1>
3:04:06:07:08:130:031:032:033:183:0102:1145:0147:1148:1184:0185:0>
6:130:1102:0147:0>
3:14:16:030:031:1>
6:130:183:1145:1184:1>
3:04:06:07:130:031:032:183:0102:1145:0147:1148:0149:1184:0>
6:130:1102:0147:0>
3:14:16:030:031:1>
6:130:183:1145:1184:1185:1186:1187:1>
3:04:06:07:08:09:010:130:031:032:033:034:035:183:0102:1145:0147:1148:1184:0185:0186:0187:0>
6:130:1102:0147:0>
3:14:16:030:031:1>
6:130:183:1145:1151:1153:1184:1>
3:04:06:07:130:031:032:183:0102:1145:0147:1148:0149:0150:0151:0152:1153:0184:0>
6:130:1102:0147:0>
3:14:16:030:031:1>
6:130:183:1145:1184:1185:1>
3:04:06:07:08:130:031:032:033:183:0102:1145:0147:1148:1184:0185:0>
6:130:1102:0147:0>
3:14:16:030:031:1>
6:130:183:1145:1184:1>
3:04:06:07:130:031:032:183:0102:1145:0147:1148:0149:1184:0>
6:130:1102:0147:0>
3:14:16:030:031:1>
6:130:183:1145:1184:1185:1186:1>
3:04:06:07:08:09:130:031:032:033:034:183:0102:1145:0147:1148:1184:0185:0186:0>
6:130:1102:0147:0>
3:14:16:030:031:1>
6:130:183:1145:1151:1184:1>
3:04:06:07:130:031:032:183:0102:1145:0147:1148:0149:0150:1151:0154:0184:0>
6:130:1102:0147:0>
3:14:16:030:031:1>
6:130:183:1145:1184:1185:1>
3:04:06:07:08:130:031:032:033:183:0102:1145:0147:1148:1184:0185:0>
6:130:1102:0147:0>
3:14:16:030:031:1>
6:130:183:1145:1184:1>
3:04:06:07:130:031:032:183:0102:1145:0147:1148:0149:1155:0184:0>
6:130:1102:0147:0>
3:14:16:030:031:1>
6:130:183:1145:1184:1185:1186:1187:1188:1>
3:04:06:07:08:09:010:011:130:031:032:033:034:035:036:183:0102:1145:0147:1148:1156:0184:0185:0186:0187:0188:0>
6:130:1102:0147:0>
3:14:16:030:031:1>
6:130:183:1145:1151:1153:1157:1184:1>
3:04:06:07:126:027:030:031:032:183:0102:1113:0145:0147:1148:0149:0150:0151:0152:0153:0154:1155:1156:1157:0159:1161:0162:1164:0165:1166:0167:1169:0171:1184:0>
6:130:1102:0147:0>
3:14:16:030:031:1>
6:130:183:1145:1184:1185:1>
3:04:06:07:08:130:031:032:033:183:0102:1112:1145:0147:1148:1184:0185:0>
6:130:1102:0147:0>
3:14:16:030:031:1>
6:130:183:1145:1184:1>
3:04:06:07:130:031:032:183:0102:1112:0117:1145:0147:1148:0149:1184:0>
6:130:1102:0147:0>
3:14:16:030:031:1>
6:130:183:1145:1184:1185:1186:1>
3:04:06:07:08:09:130:031:032:033:034:183:0102:1112:1145:0147:1148:1184:0185:0186:0>
6:130:1102:0147:0>
3:14:16:030:031:1>
6:130:183:1119:1145:1151:1184:1>
3:04:06:07:130:031:032:183:0102:1112:0117:0118:1119:0145:0147:1148:0149:0150:1151:0184:0>
6:130:1102:0147:0>
3:14:16:030:031:1>
6:130:183:1145:1184:1185:1>
3:04:06:07:08:130:031:032:033:183:0102:1112:1145:0147:1148:1184:0185:0>
6:130:1102:0147:0>
3:14:16:030:031:1>
6:130:183:1145:1184:1>
3:04:06:07:130:031:032:183:0102:1112:0117:1145:0147:1148:0149:1184:0>
6:130:1102:0147:0>
3:14:16:030:031:1>
6:130:183:1145:1184:1185:1186:1187:1>
3:04:06:07:08:09:010:130:031:032:033:034:035:183:0102:1112:1145:0147:1148:1184:0185:0186:0187:0>
6:130:1102:0147:0>
3:14:16:030:031:1>
6:130:183:1119:1121:1145:1151:1153:1184:1>
3:04:06:07:130:031:032:183:0102:1112:0114:0116:1117:0118:0119:0120:1121:0122:1124:0145:0147:1148:0149:0150:0151:0152:1153:0184:0>
6:130:142:143:1102:0147:0>
3:14:16:030:031:1>
6:130:183:1145:1184:1185:1>
3:04:06:07:08:130:031:032:033:183:0102:1103:1145:0147:1148:1184:0185:0>
6:130:1102:0147:0>
3:14:16:030:031:1>
6:130:183:1145:1184:1>
3:04:06:07:130:031:032:183:0102:1103:0104:1145:0147:1148:0149:1184:0>
6:130:1102:0147:0>
3:14:16:030:031:1>
6:130:183:1145:1184:1185:1186:1>
3:04:06:07:08:09:130:031:032:033:034:183:0102:1103:1145:0147:1148:1184:0185:0186:0>
6:130:1102:0147:0>
3:14:16:030:031:1>
6:130:183:1106:1145:1151:1184:1>
3:04:06:07:130:031:032:183:0102:1103:0104:0105:1106:0145:0147:1148:0149:0150:1151:0154:0184:0>
6:130:1102:0147:0>
3:14:16:030:031:1>
6:130:183:1145:1184:1185:1>
3:04:06:07:08:130:031:032:033:183:0102:1103:1145:0147:1148:1184:0185:0>
6:130:1102:0147:0>
3:14:16:030:031:1>
6:130:183:1145:1184:1>
3:04:06:07:130:031:032:183:0102:1103:0104:1145:0147:1148:0149:1155:0184:0>
6:130:1102:0147:0>
3:14:16:030:031:1>
6:130:183:1145:1184:1185:1186:1187:1188:1189:1>
3:04:06:07:08:09:010:011:012:130:031:032:033:034:035:036:037:183:0102:1103:1145:0147:1148:1156:0184:0185:0186:0187:0188:0189:0>
6:130:1102:0147:0>
3:14:16:030:031:1>
6:130:183:1106:1108:1145:1151:1153:1157:1184:1>
3:04:06:07:130:031:032:183:0102:1103:0104:0105:0106:0107:1108:0145:0147:1148:0149:0150:0151:0152:0153:0154:1155:1156:1157:0158:1159:0161:1163:0164:1165:0166:1168:0171:0175:1184:0>
6:130:1102:0147:0>
3:14:16:030:031:1>
6:130:183:1145:1184:1185:1>
3:04:06:07:08:130:031:032:033:183:0102:1103:1145:0147:1148:1184:0185:0>
6:130:1102:0147:0>
3:14:16:030:031:1>
6:130:183:1145:1184:1>
3:04:06:07:130:031:032:183:0102:1103:0104:1145:0147:1148:0149:1184:0>
6:130:1102:0147:0>
3:14:16:030:031:1>
6:130:183:1145:1184:1185:1186:1>
3:04:06:07:08:09:130:031:032:033:034:183:0102:1103:1145:0147:1148:1184:0185:0186:0>
6:130:1102:0147:0>
3:14:16:030:031:1>
6:130:183:1106:1145:1151:1184:1>
3:04:06:07:130:031:032:183:0102:1103:0104:0105:1106:0109:0145:0147:1148:0149:0150:1151:0184:0>
6:130:1102:0147:0>
3:14:16:030:031:1>
6:130:183:1145:1184:1185:1>
3:04:06:07:08:130:031:032:033:183:0102:1103:1145:0147:1148:1184:0185:0>
6:130:1102:0147:0>
3:14:16:030:031:1>
6:130:183:1145:1184:1>
3:04:06:07:130:031:032:183:0102:1103:0104:1110:0145:0147:1148:0149:1184:0>
6:130:1102:0147:0>
3:14:16:030:031:1>
6:130:183:1145:1184:1185:1186:1187:1>
3:04:06:07:08:09:010:130:031:032:033:034:035:182:083:0102:1103:1145:0147:1148:1184:0185:0186:0187:0>
6:130:1102:0147:0>
3:14:16:030:031:1>
6:130:181:183:1106:1108:1111:1127:1134:1145:1151:1153:1184:1>
3:04:06:07:130:031:032:165:166:181:082:183:0102:1103:0104:0105:0106:0107:0108:0109:1110:1111:0127:0134:0145:0147:1148:0149:0150:0151:0152:1153:0184:0>
6:130:1102:0147:0>
3:14:16:030:031:1>
6:130:183:1145:1184:1185:1>
3:04:06:07:08:130:031:032:033:183:0102:1103:1145:0147:1148:1184:0185:0>
6:130:1102:0147:0>
3:14:16:030:031:1>
6:130:183:1145:1184:1>
3:04:06:07:130:031:032:183:0102:1103:0104:1145:0147:1148:0149:1184:0>
6:130:1102:0147:0>
3:14:16:030:031:1>
6:130:183:1145:1184:1185:1186:1>
3:04:06:07:08:09:130:031:032:033:034:183:0102:1103:1145:0147:1148:1184:0185:0186:0>
6:130:1102:0147:0>
3:14:16:030:031:1>
6:130:183:1106:1145:1151:1184:1>
3:04:06:07:130:031:032:183:0102:1103:0104:0105:1106:0145:0147:1148:0149:0150:1151:0154:0184:0>
6:130:1102:0147:0>
3:14:16:030:031:1>
6:130:183:1145:1184:1185:1>
3:04:06:07:08:130:031:032:033:183:0102:1103:1145:0147:1148:1184:0185:0>
6:130:1102:0147:0>
3:14:16:030:031:1>
6:130:183:1145:1184:1>
3:04:06:07:130:031:032:183:0102:1103:0104:1145:0147:1148:0149:1155:0184:0>
6:130:1102:0147:0>
3:14:16:030:031:1>
6:130:183:1145:1184:1185:1186:1187:1188:1>
3:04:06:07:08:09:010:011:130:031:032:033:034:035:036:183:0102:1103:1145:0147:1148:1156:0184:0185:0186:0187:0188:0>
6:130:1102:0147:0>
3:14:16:030:031:1>
6:130:183:1106:1108:1145:1151:1153:1157:1184:1>
3:04:06:07:126:127:130:031:032:183:0102:1103:0104:0105:0106:0107:1108:0113:1145:0147:1148:0149:0150:0151:0152:0153:0154:1155:1156:1157:0158:0159:1162:0163:1164:0165:1167:0171:1184:0>
6:130:1102:0147:0>
3:14:16:030:031:1>
6:130:183:1145:1184:1185:1>
3:04:06:07:08:130:031:032:033:183:0102:1103:1145:0147:1148:1184:0185:0>
6:130:1102:0147:0>
3:14:16:030:031:1>
6:130:183:1145:1184:1>
3:04:06:07:130:031:032:183:0102:1103:0104:1145:0147:1148:0149:1184:0>
6:130:1102:0147:0>
3:14:16:030:031:1>
6:130:183:1145:1184:1185:1186:1>
3:04:06:07:08:09:130:031:032:033:034:183:0102:1103:1145:0147:1148:1184:0185:0186:0>
6:130:1102:0147:0>
3:14:16:030:031:1>
6:130:183:1106:1145:1151:1184:1>
3:04:06:07:130:031:032:183:0102:1103:0104:0105:1106:0109:0145:0147:1148:0149:0150:1151:0184:0>
6:130:1102:0147:0>
3:14:16:030:031:1>
6:130:183:1145:1184:1185:1>
3:04:06:07:08:130:031:032:033:183:0102:1103:1145:0147:1148:1184:0185:0>
6:130:1102:0147:0>
3:14:16:030:031:1>
6:130:183:1145:1184:1>
3:04:06:07:130:031:032:183:0102:1103:0104:1110:0145:0147:1148:0149:1184:0>
6:130:1102:0147:0>
3:14:16:030:031:1>
6:130:183:1145:1184:1185:1186:1187:1>
3:04:06:07:08:09:010:130:031:032:033:034:035:182:083:0102:1103:1145:0147:1148:1184:0185:0186:0187:0>
6:130:1102:0147:0>
3:14:16:030:031:1>
6:130:181:183:1106:1108:1111:1127:1134:1145:1151:1153:1184:1>
3:04:06:07:130:031:032:147:148:165:066:067:168:173:174:181:082:183:0102:1103:0104:0105:0106:0107:0108:0109:1110:1111:0127:0134:0145:0147:1148:0149:0150:0151:0152:1153:0184:0>
6:130:1102:0147:0>
3:14:16:030:031:1>
6:130:183:1145:1184:1185:1>
3:04:06:07:08:130:031:032:033:183:0102:1103:1145:0147:1148:1184:0185:0>
6:130:1102:0147:0>
3:14:16:030:031:1>
6:130:183:1145:1184:1>
3:04:06:07:130:031:032:183:0102:1103:0104:1145:0147:1148:0149:1184:0>
6:130:1102:0147:0>
3:14:16:030:031:1>
6:130:183:1145:1184:1185:1186:1>
3:04:06:07:08:09:130:031:032:033:034:183:0102:1103:1145:0147:1148:1184:0185:0186:0>
6:130:1102:0147:0>
3:14:16:030:031:1>
6:130:183:1106:1145:1151:1184:1>
3:04:06:07:130:031:032:183:0102:1103:0104:0105:1106:0145:0147:1148:0149:0150:1151:0154:0184:0>
6:130:1102:0147:0>
3:14:16:030:031:1>
6:130:183:1145:1184:1185:1>
3:04:06:07:08:130:031:032:033:183:0102:1103:1145:0147:1148:1184:0185:0>
6:130:1102:0147:0>
3:14:16:030:031:1>
6:130:183:1145:1184:1>
3:04:06:07:130:031:032:183:0102:1103:0104:1145:0147:1148:0149:1155:0184:0>
6:130:1102:0147:0>
3:14:16:030:031:1>
6:130:183:1145:1184:1185:1186:1187:1188:1189:1190:1>
3:04:06:07:08:09:010:011:012:013:130:031:032:033:034:035:036:037:038:183:0102:1103:1145:0147:1148:1156:0184:0185:0186:0187:0188:0189:0190:0>
6:130:1102:0147:0>
3:14:16:030:031:1>
6:130:183:1106:1108:1145:1151:1153:1157:1177:1184:1>
3:04:06:07:126:027:030:031:032:183:0102:1103:0104:0105:0106:0107:1108:0113:0145:0147:1148:0149:0150:0151:0152:0153:0154:1155:1156:1157:0158:1161:0162:1163:0164:1166:0171:0175:0176:1177:0184:0>
6:130:1102:0147:0>
3:14:16:030:031:1>
6:130:183:1145:1184:1185:1>
3:04:06:07:08:130:031:032:033:183:0102:1103:1145:0147:1148:1184:0185:0>
6:130:1102:0147:0>
3:14:16:030:031:1>
6:130:183:1145:1184:1>
3:04:06:07:130:031:032:183:0102:1103:0104:1145:0147:1148:0149:1184:0>
6:130:1102:0147:0>
3:14:16:030:031:1>
6:130:183:1145:1184:1185:1186:1>
3:04:06:07:08:09:130:031:032:033:034:183:0102:1103:1145:0147:1148:1184:0185:0186:0>
6:130:1102:0147:0>
3:14:16:030:031:1>
6:130:183:1106:1145:1151:1184:1>
3:04:06:07:130:031:032:183:0102:1103:0104:0105:1106:0109:0145:0147:1148:0149:0150:1151:0184:0>
6:130:1102:0147:0>
3:14:16:030:031:1>
6:130:183:1145:1184:1185:1>
3:04:06:07:08:130:031:032:033:183:0102:1103:1145:0147:1148:1184:0185:0>
6:130:1102:0147:0>
3:14:16:030:031:1>
6:130:183:1145:1184:1>
3:04:06:07:130:031:032:183:0102:1103:0104:1110:0145:0147:1148:0149:1184:0>
6:130:1102:0147:0>
3:14:16:030:031:1>
6:130:183:1145:1184:1185:1186:1187:1>
3:04:06:07:08:09:010:130:031:032:033:034:035:182:083:0102:1103:1145:0147:1148:1184:0185:0186:0187:0>
6:130:1102:0147:0>
3:14:16:030:031:1>
6:130:181:183:1106:1108:1111:1127:1134:1145:1151:1153:1184:1>
3:04:06:07:130:031:032:147:048:049:150:165:166:181:082:183:0102:1103:0104:0105:0106:0107:0108:0109:1110:1111:0127:0134:0145:0147:1148:0149:0150:0151:0152:1153:0184:0>
6:130:1102:0147:0>
3:14:16:030:031:1>
6:130:183:1145:1184:1185:1>
3:04:06:07:08:130:031:032:033:183:0102:1103:1145:0147:1148:1184:0185:0>
6:130:1102:0147:0>
3:14:16:030:031:1>
6:130:183:1145:1184:1>
3:04:06:07:130:031:032:183:0102:1103:0104:1145:0147:1148:0149:1184:0>
6:130:1102:0147:0>
3:14:16:030:031:1>
6:130:183:1145:1184:1185:1186:1>
3:04:06:07:08:09:130:031:032:033:034:183:0102:1103:1145:0147:1148:1184:0185:0186:0>
6:130:1102:0147:0>
3:14:16:030:031:1>
6:130:183:1106:1145:1151:1184:1>
3:04:06:07:130:031:032:183:0102:1103:0104:0105:1106:0145:0147:1148:0149:0150:1151:0154:0184:0>
6:130:1102:0147:0>
3:14:16:030:031:1>
6:130:183:1145:1184:1185:1>
3:04:06:07:08:130:031:032:033:183:0102:1103:1145:0147:1148:1184:0185:0>
6:130:1102:0147:0>
3:14:16:030:031:1>
6:130:183:1145:1184:1>
3:04:06:07:130:031:032:183:0102:1103:0104:1145:0147:1148:0149:1155:0184:0>
6:130:1102:0147:0>
3:14:16:030:031:1>
6:130:183:1145:1184:1185:1186:1187:1188:1>
3:04:06:07:08:09:010:011:130:031:032:033:034:035:036:183:0102:1103:1145:0147:1148:1156:0184:0185:0186:0187:0188:0>
6:130:1102:0147:0>
3:14:16:030:031:1>
6:130:183:1106:1108:1145:1151:1153:1157:1184:1>
3:04:06:07:126:127:130:031:032:183:0102:1103:0104:0105:0106:0107:1108:0113:1145:0147:1148:0149:0150:0151:0152:0153:0154:1155:1156:1157:0159:0161:1162:0163:1165:0171:1184:0>
6:130:1102:0147:0>
3:14:16:030:031:1>
6:130:183:1145:1184:1185:1>
3:04:06:07:08:130:031:032:033:183:0102:1103:1145:0147:1148:1184:0185:0>
6:130:1102:0147:0>
3:14:16:030:031:1>
6:130:183:1145:1184:1>
3:04:06:07:130:031:032:183:0102:1103:0104:1145:0147:1148:0149:1184:0>
6:130:1102:0147:0>
3:14:16:030:031:1>
6:130:183:1145:1184:1185:1186:1>
3:04:06:07:08:09:130:031:032:033:034:183:0102:1103:1145:0147:1148:1184:0185:0186:0>
6:130:1102:0147:0>
3:14:16:030:031:1>
6:130:183:1106:1145:1151:1184:1>
3:04:06:07:130:031:032:183:0102:1103:0104:0105:1106:0109:0145:0147:1148:0149:0150:1151:0184:0>
6:130:1102:0147:0>
3:14:16:030:031:1>
6:130:183:1145:1184:1185:1>
3:04:06:07:08:130:031:032:033:183:0102:1103:1145:0147:1148:1184:0185:0>
6:130:1102:0147:0>
3:14:16:030:031:1>
6:130:183:1145:1184:1>
3:04:06:07:130:031:032:183:0102:1103:0104:1110:0145:0147:1148:0149:1184:0>
6:130:1102:0147:0>
3:14:16:030:031:1>
6:130:183:1145:1184:1185:1186:1187:1>
3:04:06:07:08:09:010:130:031:032:033:034:035:182:083:0102:1103:1145:0147:1148:1184:0185:0186:0187:0>
6:130:1102:0147:0>
3:14:16:030:031:1>
6:130:181:183:1106:1108:1111:1127:1128:1134:1145:1151:1153:1184:1>
3:04:06:07:130:031:032:147:148:149:050:051:152:165:066:067:068:069:170:173:074:075:176:181:082:183:0102:1103:0104:0105:0106:0107:0108:0109:1110:1111:0127:0128:0134:0139:0145:0147:1148:0149:0150:0151:0152:1153:0184:0>
6:130:1102:0147:0>
3:14:16:030:031:1>
6:130:183:1145:1184:1185:1>
3:04:06:07:08:130:031:032:033:183:0102:1103:1145:0147:1148:1184:0185:0>
6:130:1102:0147:0>
3:14:16:030:031:1>
6:130:183:1145:1184:1>
3:04:06:07:130:031:032:183:0102:1103:0104:1145:0147:1148:0149:1184:0>
6:130:1102:0147:0>
3:14:16:030:031:1>
6:130:183:1145:1184:1185:1186:1>
3:04:06:07:08:09:130:031:032:033:034:183:0102:1103:1145:0147:1148:1184:0185:0186:0>
6:130:1102:0147:0>
3:14:16:030:031:1>
6:130:183:1106:1145:1151:1184:1>
3:04:06:07:130:031:032:183:0102:1103:0104:0105:1106:0145:0147:1148:0149:0150:1151:0154:0184:0>
6:130:1102:0147:0>
3:14:16:030:031:1>
6:130:183:1145:1184:1185:1>
3:04:06:07:08:130:031:032:033:183:0102:1103:1145:0147:1148:1184:0185:0>
6:130:1102:0147:0>
3:14:16:030:031:1>
6:130:183:1145:1184:1>
3:04:06:07:130:031:032:183:0102:1103:0104:1145:0147:1148:0149:1155:0184:0>
6:130:1102:0147:0>
3:14:16:030:031:1>
6:130:183:1145:1184:1185:1186:1187:1188:1189:1>
3:04:06:07:08:09:010:011:012:130:031:032:033:034:035:036:037:183:0102:1103:1145:0147:1148:1156:0184:0185:0186:0187:0188:0189:0>
6:130:1102:0147:0>
3:14:16:030:031:1>
6:130:183:1106:1108:1145:1151:1153:1157:1184:1>
3:04:06:07:130:031:032:183:0102:1103:0104:0105:0106:0107:1108:0145:0147:1148:0149:0150:0151:0152:0153:0154:1155:1156:1157:0158:0159:1161:0162:1164:0171:0175:1184:0>
6:130:1102:0147:0>
3:14:16:030:031:1>
6:130:183:1145:1184:1185:1>
3:04:06:07:08:130:031:032:033:183:0102:1103:1145:0147:1148:1184:0185:0>
6:130:1102:0147:0>
3:14:16:030:031:1>
6:130:183:1145:1184:1>
3:04:06:07:130:031:032:183:0102:1103:0104:1145:0147:1148:0149:1184:0>
6:130:1102:0147:0>
3:14:16:030:031:1>
6:130:183:1145:1184:1185:1186:1>
3:04:06:07:08:09:130:031:032:033:034:183:0102:1103:1145:0147:1148:1184:0185:0186:0>
6:130:1102:0147:0>
3:14:16:030:031:1>
6:130:183:1106:1145:1151:1184:1>
3:04:06:07:130:031:032:183:0102:1103:0104:0105:1106:0109:0145:0147:1148:0149:0150:1151:0184:0>
6:130:1102:0147:0>
3:14:16:030:031:1>
6:130:183:1145:1184:1185:1>
3:04:06:07:08:130:031:032:033:183:0102:1103:1145:0147:1148:1184:0185:0>
6:130:1102:0147:0>
3:14:16:030:031:1>
6:130:183:1145:1184:1>
3:04:06:07:130:031:032:183:0102:1103:0104:1110:0145:0147:1148:0149:1184:0>
6:130:1102:0147:0>
3:14:16:030:031:1>
6:130:183:1145:1184:1185:1186:1187:1>
3:04:06:07:08:09:010:130:031:032:033:034:035:182:083:0102:1103:1145:0147:1148:1184:0185:0186:0187:0>
6:130:1102:0147:0>
3:14:16:030:031:1>
6:130:181:183:1106:1108:1111:1127:1134:1145:1151:1153:1184:1>
3:04:06:07:130:031:032:149:150:151:052:053:154:165:166:173:174:181:082:183:0102:1103:0104:0105:0106:0107:0108:0109:1110:1111:0127:0134:0145:0147:1148:0149:0150:0151:0152:1153:0184:0>
6:130:1102:0147:0>
3:14:16:030:031:1>
6:130:183:1145:1184:1185:1>
3:04:06:07:08:130:031:032:033:183:0102:1103:1145:0147:1148:1184:0185:0>
6:130:1102:0147:0>
3:14:16:030:031:1>
6:130:183:1145:1184:1>
3:04:06:07:130:031:032:183:0102:1103:0104:1145:0147:1148:0149:1184:0>
6:130:1102:0147:0>
3:14:16:030:031:1>
6:130:183:1145:1184:1185:1186:1>
3:04:06:07:08:09:130:031:032:033:034:183:0102:1103:1145:0147:1148:1184:0185:0186:0>
6:130:1102:0147:0>
3:14:16:030:031:1>
6:130:183:1106:1145:1151:1184:1>
3:04:06:07:130:031:032:183:0102:1103:0104:0105:1106:0145:0147:1148:0149:0150:1151:0154:0184:0>
6:130:1102:0147:0>
3:14:16:030:031:1>
6:130:183:1145:1184:1185:1>
3:04:06:07:08:130:031:032:033:183:0102:1103:1145:0147:1148:1184:0185:0>
6:130:1102:0147:0>
3:14:16:030:031:1>
6:130:183:1145:1184:1>
3:04:06:07:130:031:032:183:0102:1103:0104:1145:0147:1148:0149:1155:0184:0>
6:130:1102:0147:0>
3:14:16:030:031:1>
6:130:183:1145:1184:1185:1186:1187:1188:1>
3:04:06:07:08:09:010:011:130:031:032:033:034:035:036:183:0102:1103:1145:0147:1148:1156:0184:0185:0186:0187:0188:0>
6:130:1102:0147:0>
3:14:16:030:031:1>
6:130:183:1106:1108:1145:1151:1153:1157:1184:1>
3:04:06:07:126:027:030:031:032:183:0102:1103:0104:0105:0106:0107:1108:0113:0145:0147:1148:0149:0150:0151:0152:0153:0154:1155:1156:1157:0158:1159:0161:1163:0171:1184:0>
6:130:1102:0147:0>
3:14:16:030:031:1>
6:130:183:1145:1184:1185:1>
3:04:06:07:08:130:031:032:033:183:0102:1103:1145:0147:1148:1184:0185:0>
6:130:1102:0147:0>
3:14:16:030:031:1>
6:130:183:1145:1184:1>
3:04:06:07:130:031:032:183:0102:1103:0104:1145:0147:1148:0149:1184:0>
6:130:1102:0147:0>
3:14:16:030:031:1>
6:130:183:1145:1184:1185:1186:1>
3:04:06:07:08:09:130:031:032:033:034:183:0102:1103:1145:0147:1148:1184:0185:0186:0>
6:130:1102:0147:0>
3:14:16:030:031:1>
6:130:183:1106:1145:1151:1184:1>
3:04:06:07:130:031:032:183:0102:1103:0104:0105:1106:0109:0145:0147:1148:0149:0150:1151:0184:0>
6:130:1102:0147:0>
3:14:16:030:031:1>
6:130:183:1145:1184:1185:1>
3:04:06:07:08:130:031:032:033:183:0102:1103:1145:0147:1148:1184:0185:0>
6:130:1102:0147:0>
3:14:16:030:031:1>
6:130:183:1145:1184:1>
3:04:06:07:130:031:032:183:0102:1103:0104:1110:0145:0147:1148:0149:1184:0>
6:130:1102:0147:0>
3:14:16:030:031:1>
6:130:183:1145:1184:1185:1186:1187:1>
3:04:06:07:08:09:010:130:031:032:033:034:035:182:083:0102:1103:1145:0147:1148:1184:0185:0186:0187:0>
6:130:1102:0147:0>
3:14:16:030:031:1>
6:130:181:183:1106:1108:1111:1127:1134:1145:1151:1153:1184:1>
3:04:06:07:130:031:032:147:048:051:152:153:054:055:156:165:066:067:168:181:082:183:0102:1103:0104:0105:0106:0107:0108:0109:1110:1111:0127:0134:0140:0145:0147:1148:0149:0150:0151:0152:1153:0184:0>
6:130:1102:0147:0>
3:14:16:030:031:1>
6:130:183:1145:1184:1185:1>
3:04:06:07:08:130:031:032:033:183:0102:1103:1145:0147:1148:1184:0185:0>
6:130:1102:0147:0>
3:14:16:030:031:1>
6:130:183:1145:1184:1>
3:04:06:07:130:031:032:183:0102:1103:0104:1145:0147:1148:0149:1184:0>
6:130:1102:0147:0>
3:14:16:030:031:1>
6:130:183:1145:1184:1185:1186:1>
3:04:06:07:08:09:130:031:032:033:034:183:0102:1103:1145:0147:1148:1184:0185:0186:0>
6:130:1102:0147:0>
3:14:16:030:031:1>
6:130:183:1106:1145:1151:1184:1>
3:04:06:07:130:031:032:183:0102:1103:0104:0105:1106:0145:0147:1148:0149:0150:1151:0154:0184:0>
6:130:1102:0147:0>
3:14:16:030:031:1>
6:130:183:1145:1184:1185:1>
3:04:06:07:08:130:031:032:033:183:0102:1103:1145:0147:1148:1184:0185:0>
6:130:1102:0147:0>
3:14:16:030:031:1>
6:130:183:1145:1184:1>
3:04:06:07:130:031:032:183:0102:1103:0104:1145:0147:1148:0149:1155:0184:0>
6:130:1102:0147:0>
3:14:16:030:031:1>
6:130:183:1145:1184:1185:1186:1187:1188:1189:1190:1191:1>
3:04:06:07:08:09:010:011:012:013:014:130:031:032:033:034:035:036:037:038:039:183:0102:1103:1145:0147:1148:1156:0184:0185:0186:0187:0188:0189:0190:0191:0194:1>
6:130:1102:0147:0>
3:14:16:030:031:1>
6:130:183:1106:1108:1145:1151:1153:1157:1177:1179:1184:1>
3:04:06:07:126:127:130:031:032:183:0102:1103:0104:0105:0106:0107:1108:0113:1145:0147:1148:0149:0150:0151:0152:0153:0154:1155:1156:1157:0158:0159:1162:0171:0175:0176:0177:0178:1179:0184:0>
6:130:1102:0147:0>
3:14:16:030:031:1>
6:130:183:1145:1184:1185:1>
3:04:06:07:08:130:031:032:033:183:0102:1103:1145:0147:1148:1184:0185:0>
6:130:1102:0147:0>
3:14:16:030:031:1>
6:130:183:1145:1184:1>
3:04:06:07:130:031:032:183:0102:1103:0104:1145:0147:1148:0149:1184:0>
6:130:1102:0147:0>
3:14:16:030:031:1>
6:130:183:1145:1184:1185:1186:1>
3:04:06:07:08:09:130:031:032:033:034:183:0102:1103:1145:0147:1148:1184:0185:0186:0>
6:130:1102:0147:0>
3:14:16:030:031:1>
6:130:183:1106:1145:1151:1184:1>
3:04:06:07:130:031:032:183:0102:1103:0104:0105:1106:0109:0145:0147:1148:0149:0150:1151:0184:0>
6:130:1102:0147:0>
3:14:16:030:031:1>
6:130:183:1145:1184:1185:1>
3:04:06:07:08:130:031:032:033:183:0102:1103:1145:0147:1148:1184:0185:0>
6:130:1102:0147:0>
3:14:16:030:031:1>
6:130:183:1145:1184:1>
3:04:06:07:130:031:032:183:0102:1103:0104:1110:0145:0147:1148:0149:1184:0>
6:130:1102:0147:0>
3:14:16:030:031:1>
6:130:183:1145:1184:1185:1186:1187:1>
3:04:06:07:08:09:010:130:031:032:033:034:035:182:083:0102:1103:1145:0147:1148:1184:0185:0186:0187:0>
6:130:1102:0147:0>
3:14:16:030:031:1>
6:130:181:183:1106:1108:1111:1127:1134:1137:1145:1151:1153:1184:1>
3:04:06:07:130:031:032:147:148:149:050:053:154:155:056:057:158:165:166:173:074:075:076:077:178:181:082:183:0102:1103:0104:0105:0106:0107:0108:0109:1110:1111:0127:0134:0137:0142:0145:0147:1148:0149:0150:0151:0152:1153:0184:0>
6:130:1102:0147:0>
3:14:16:030:031:1>
6:130:183:1145:1184:1185:1>
3:04:06:07:08:130:031:032:033:183:0102:1103:1145:0147:1148:1184:0185:0>
6:130:1102:0147:0>
3:14:16:030:031:1>
6:130:183:1145:1184:1>
3:04:06:07:130:031:032:183:0102:1103:0104:1145:0147:1148:0149:1184:0>
6:130:1102:0147:0>
3:14:16:030:031:1>
6:130:183:1145:1184:1185:1186:1>
3:04:06:07:08:09:130:031:032:033:034:183:0102:1103:1145:0147:1148:1184:0185:0186:0>
6:130:1102:0147:0>
3:14:16:030:031:1>
6:130:183:1106:1145:1151:1184:1>
3:04:06:07:130:031:032:183:0102:1103:0104:0105:1106:0145:0147:1148:0149:0150:1151:0154:0184:0>
6:130:1102:0147:0>
3:14:16:030:031:1>
6:130:183:1145:1184:1185:1>
3:04:06:07:08:130:031:032:033:183:0102:1103:1145:0147:1148:1184:0185:0>
6:130:1102:0147:0>
3:14:16:030:031:1>
6:130:183:1145:1184:1>
3:04:06:07:130:031:032:183:0102:1103:0104:1145:0147:1148:0149:1155:0184:0>
6:130:1102:0147:0>
3:14:16:030:031:1>
6:130:183:1145:1184:1185:1186:1187:1188:1>
3:04:06:07:08:09:010:011:130:031:032:033:034:035:036:183:0102:1103:1145:0147:1148:1156:0184:0185:0186:0187:0188:0>
6:130:1102:0147:0>
3:14:16:030:031:1>
6:130:183:1106:1108:1145:1151:1153:1157:1184:1>
3:04:06:07:126:027:030:031:032:183:0102:1103:0104:0105:0106:0107:1108:0113:0145:0147:1148:0149:0150:0151:0152:0153:0154:1155:1156:1157:0158:1161:0171:1184:0>
6:130:1102:0147:0>
3:14:16:030:031:1>
6:130:183:1145:1184:1185:1>
3:04:06:07:08:130:031:032:033:183:0102:1103:1145:0147:1148:1184:0185:0>
6:130:1102:0147:0>
3:14:16:030:031:1>
6:130:183:1145:1184:1>
3:04:06:07:130:031:032:183:0102:1103:0104:1145:0147:1148:0149:1184:0>
6:130:1102:0147:0>
3:14:16:030:031:1>
6:130:183:1145:1184:1185:1186:1>
3:04:06:07:08:09:130:031:032:033:034:183:0102:1103:1145:0147:1148:1184:0185:0186:0>
6:130:1102:0147:0>
3:14:16:030:031:1>
6:130:183:1106:1145:1151:1184:1>
3:04:06:07:130:031:032:183:0102:1103:0104:0105:1106:0109:0145:0147:1148:0149:0150:1151:0184:0>
6:130:1102:0147:0>
3:14:16:030:031:1>
6:130:183:1145:1184:1185:1>
3:04:06:07:08:130:031:032:033:183:0102:1103:1145:0147:1148:1184:0185:0>
6:130:1102:0147:0>
3:14:16:030:031:1>
6:130:183:1145:1184:1>
3:04:06:07:130:031:032:183:0102:1103:0104:1110:0145:0147:1148:0149:1184:0>
6:130:1102:0147:0>
3:14:16:030:031:1>
6:130:183:1145:1184:1185:1186:1187:1>
3:04:06:07:08:09:010:130:031:032:033:034:035:182:083:0102:1103:1145:0147:1148:1184:0185:0186:0187:0>
6:130:1102:0147:0>
3:14:16:030:031:1>
6:130:181:183:1106:1108:1111:1127:1128:1129:1134:1145:1151:1153:1184:1>
3:04:06:07:130:031:032:147:048:049:150:151:052:055:156:157:058:059:160:165:066:067:068:069:070:071:172:181:082:183:0102:1103:0104:0105:0106:0107:0108:0109:1110:1111:0127:0128:0129:0131:0134:0136:0141:1143:1145:0147:1148:0149:0150:0151:0152:1153:0184:0>
6:130:1102:0147:0>
3:14:16:030:031:1>
6:130:183:1145:1184:1185:1>
3:04:06:07:08:130:031:032:033:183:0102:1103:1145:0147:1148:1184:0185:0>
6:130:1102:0147:0>
3:14:16:030:031:1>
6:130:183:1145:1184:1>
3:04:06:07:130:031:032:183:0102:1103:0104:1145:0147:1148:0149:1184:0>
6:130:1102:0147:0>
3:14:16:030:031:1>
6:130:183:1145:1184:1185:1186:1>
3:04:06:07:08:09:130:031:032:033:034:183:0102:1103:1145:0147:1148:1184:0185:0186:0>
6:130:1102:0147:0>
3:14:16:030:031:1>
6:130:183:1106:1145:1151:1184:1>
3:04:06:07:130:031:032:183:0102:1103:0104:0105:1106:0145:0147:1148:0149:0150:1151:0154:0184:0>
6:130:1102:0147:0>
3:14:16:030:031:1>
6:130:183:1145:1184:1185:1>
3:04:06:07:08:130:031:032:033:183:0102:1103:1145:0147:1148:1184:0185:0>
6:130:1102:0147:0>
3:14:16:030:031:1>
6:130:183:1145:1184:1>
3:04:06:07:130:031:032:183:0102:1103:0104:1145:0147:1148:0149:1155:0184:0>
6:130:1102:0147:0>
3:14:16:030:031:1>
6:130:183:1145:1184:1185:1186:1187:1188:1189:1>
3:04:06:07:08:09:010:011:012:130:031:032:033:034:035:036:037:183:0102:1103:1145:0147:1148:1156:0184:0185:0186:0187:0188:0189:0>
6:130:1102:0147:0>
3:14:16:030:031:1>
6:130:183:1106:1108:1145:1151:1153:1157:1184:1>
3:04:06:07:126:127:130:031:032:183:0102:1103:0104:0105:0106:0107:1108:0113:1145:0147:1148:0149:0150:0151:0152:0153:0154:1155:1156:1157:0159:0171:0175:1182:0184:0>
6:130:1102:0147:0>
3:14:16:030:031:1>
6:130:183:1145:1184:1185:1>
3:04:06:07:08:130:031:032:033:183:0102:1103:1145:0147:1148:1184:0185:0>
6:130:1102:0147:0>
3:14:16:030:031:1>
6:130:183:1145:1184:1>
3:04:06:07:130:031:032:183:0102:1103:0104:1145:0147:1148:0149:1184:0>
6:130:1102:0147:0>
3:14:16:030:031:1>
6:130:183:1145:1184:1185:1186:1>
3:04:06:07:08:09:130:031:032:033:034:183:0102:1103:1145:0147:1148:1184:0185:0186:0>
6:130:1102:0147:0>
3:14:16:030:031:1>
6:130:183:1106:1145:1151:1184:1>
3:04:06:07:130:031:032:183:0102:1103:0104:0105:1106:0109:0145:0147:1148:0149:0150:1151:0184:0>
6:130:1102:0147:0>
3:14:16:030:031:1>
6:130:183:1145:1184:1185:1>
3:04:06:07:08:130:031:032:033:183:0102:1103:1145:0147:1148:1184:0185:0>
6:130:1102:0147:0>
3:14:16:030:031:1>
6:130:183:1145:1184:1>
3:04:06:07:130:031:032:183:0102:1103:0104:1110:0145:0147:1148:0149:1184:0>
6:130:1102:0147:0>
3:14:16:030:031:1>
6:130:183:1145:1184:1185:1186:1187:1>
3:04:06:07:08:09:010:130:031:032:033:034:035:182:083:0102:1103:1145:0147:1148:1184:0185:0186:0187:0>
6:130:1102:0147:0>
3:14:16:030:031:1>
6:130:181:183:1106:1108:1111:1127:1134:1145:1151:1153:1184:1>
3:04:06:07:130:031:032:144:145:047:148:149:050:051:152:153:054:057:158:159:060:061:162:165:166:181:082:183:0102:1103:0104:0105:0106:0107:0108:0109:1110:1111:0126:1127:0133:1134:0144:1145:0147:1148:0149:0150:0151:0152:1153:0184:0>
6:130:142:043:086:187:190:191:192:193:196:197:1102:0135:1147:0>
3:14:16:030:031:144:045:147:048:051:052:055:056:057:058:061:062:065:066:071:072:0114:1116:0120:0122:0124:1126:0131:1133:0136:1139:1140:1141:0142:1143:0144:0>
6:130:183:1100:1101:1145:1184:1185:1>
3:04:06:07:08:130:031:032:033:183:0102:1145:0147:1148:1184:0185:0>
6:130:1102:0147:0>
3:14:16:030:031:1>
6:130:183:1145:1184:1>
3:04:06:07:130:031:032:183:0102:1145:0147:1148:0149:1184:0>
6:130:1102:0147:0>
3:14:16:030:031:1>
6:130:183:1145:1184:1185:1186:1>
3:04:06:07:08:09:130:031:032:033:034:183:0102:1145:0147:1148:1184:0185:0186:0>
6:130:1102:0147:0>
3:14:16:030:031:1>
6:130:183:1145:1151:1184:1>
3:04:06:07:130:031:032:183:0102:1145:0147:1148:0149:0150:1151:0154:0184:0>
6:130:1102:0147:0>
3:14:16:030:031:1>
6:130:183:1145:1184:1185:1>
3:04:06:07:08:130:031:032:033:183:0102:1145:0147:1148:1184:0185:0>
6:130:1102:0147:0>
3:14:16:030:031:1>
6:130:183:1145:1184:1>
3:04:06:07:130:031:032:183:0102:1145:0147:1148:0149:1155:0184:0>
6:130:1102:0147:0>
3:14:16:030:031:1>
6:130:183:1145:1184:1185:1186:1187:1188:1>
3:04:06:07:08:09:010:011:130:031:032:033:034:035:036:183:0102:1145:0147:1148:1156:0184:0185:0186:0187:0188:0>
6:130:1102:0147:0>
3:14:16:030:031:1>
6:130:183:1145:1151:1153:1157:1184:1>
3:04:06:07:130:031:032:183:0102:1145:0147:1148:0149:0150:0151:0152:0153:0154:1155:1156:1157:0158:0171:1172:0174:1180:1184:0>
6:128:029:030:1102:0147:0170:1>
3:14:16:030:031:1171:0172:1174:0175:0178:0180:0182:1>
6:130:183:1145:1184:1185:1>
3:04:06:07:08:130:031:032:033:183:0102:1145:0147:1148:1184:0185:0>
6:130:1102:0147:0>
3:14:16:030:031:1>
6:130:183:1145:1184:1>
3:04:06:07:130:031:032:183:0102:1145:0147:1148:0149:1184:0>
6:130:1102:0147:0>
3:14:16:030:031:1>
6:130:183:1145:1184:1185:1186:1>
3:04:06:07:08:09:130:031:032:033:034:183:0102:1145:0147:1148:1184:0185:0186:0>
6:130:1102:0147:0>
3:14:16:030:031:1>
6:130:183:1145:1151:1184:1>
3:04:06:07:130:031:032:183:0102:1145:0147:1148:0149:0150:1151:0184:0>
6:130:1102:0147:0>
3:14:16:030:031:1>
6:130:183:1145:1184:1185:1>
3:04:06:07:08:130:031:032:033:183:0102:1145:0147:1148:1184:0185:0>
6:130:1102:0147:0>
3:14:16:030:031:1>
6:130:183:1145:1184:1>
3:04:06:07:130:031:032:183:0102:1145:0147:1148:0149:1184:0>
6:130:1102:0147:0>
3:14:16:030:031:1>
6:130:183:1145:1184:1185:1186:1187:1>
3:04:06:07:08:09:010:130:031:032:033:034:035:183:0102:1145:0147:1148:1184:0185:0186:0187:0>
6:130:1102:0147:0>
3:14:16:030:031:1>
6:130:183:1145:1151:1153:1184:1>
3:04:06:07:130:031:032:183:0102:1145:0147:1148:0149:0150:0151:0152:1153:0184:0>
6:130:1102:0147:0>
3:14:16:030:031:1>
6:130:183:1145:1184:1185:1>
3:04:06:07:08:130:031:032:033:183:0102:1145:0147:1148:1184:0185:0>
6:130:1102:0147:0>
3:14:16:030:031:1>
6:130:183:1145:1184:1>
3:04:06:07:130:031:032:183:0102:1145:0147:1148:0149:1184:0>
6:130:1102:0147:0>
3:14:16:030:031:1>
6:130:183:1145:1184:1185:1186:1>
3:04:06:07:08:09:130:031:032:033:034:183:0102:1145:0147:1148:1184:0185:0186:0>
6:130:1102:0147:0>
3:14:16:030:031:1>
6:130:183:1145:1151:1184:1>
3:04:06:07:130:031:032:183:0102:1145:0147:1148:0149:0150:1151:0154:0184:0>
6:130:1102:0147:0>
3:14:16:030:031:1>
6:130:183:1145:1184:1185:1>
3:04:06:07:08:130:031:032:033:183:0102:1145:0147:1148:1184:0185:0>
6:130:1102:0147:0>
3:14:16:030:031:1>
6:130:183:1145:1184:1>
3:04:06:07:130:031:032:183:0102:1145:0147:1148:0149:1155:0184:0>
6:130:1102:0147:0>
3:14:16:030:031:1>
6:130:183:1145:1184:1185:1186:1187:1188:1189:1190:1>
3:04:06:07:08:09:010:011:012:013:130:031:032:033:034:035:036:037:038:183:0102:1145:0147:1148:1156:0184:0185:0186:0187:0188:0189:0190:0>
6:130:1102:0147:0>
3:14:16:030:031:1>
6:130:183:1145:1151:1153:1157:1184:1>
3:04:06:07:130:031:032:183:0102:1145:0147:1148:0149:0150:0151:0152:0153:0154:1155:1156:1157:0184:0>
6:130:1102:0147:0>
3:14:16:030:031:1>
6:130:183:1145:1184:1185:1>
3:04:06:07:08:130:031:032:033:183:0102:1145:0147:1148:1184:0185:0>
6:130:1102:0147:0>
3:14:16:030:031:1>
6:130:183:1145:1184:1>
3:04:06:07:130:031:032:183:0102:1145:0147:1148:0149:1184:0>
6:130:1102:0147:0>
3:14:16:030:031:1>
6:130:183:1145:1184:1185:1186:1>
3:04:06:07:08:09:130:031:032:033:034:183:0102:1145:0147:1148:1184:0185:0186:0>
6:130:1102:0147:0>
3:14:16:030:031:1>
6:130:183:1145:1151:1184:1>
3:04:06:07:130:031:032:183:0102:1145:0147:1148:0149:0150:1151:0184:0>
6:130:1102:0147:0>
3:14:16:030:031:1>
6:130:183:1145:1184:1185:1>
3:04:06:07:08:130:031:032:033:183:0102:1145:0147:1148:1184:0185:0>
6:130:1102:0147:0>
3:14:16:030:031:1>
6:130:183:1145:1184:1>
3:04:06:07:130:031:032:183:0102:1145:0147:1148:0149:1184:0>
6:130:1102:0147:0>
3:14:16:030:031:1>
6:130:183:1145:1184:1185:1186:1187:1>
3:04:06:07:08:09:010:130:031:032:033:034:035:183:0102:1145:0147:1148:1184:0185:0186:0187:0>
6:130:1102:0147:0>
3:14:16:030:031:1>
6:130:183:1145:1151:1153:1184:1>
3:04:06:07:130:031:032:183:0102:1145:0147:1148:0149:0150:0151:0152:1153:0184:0>
6:130:1102:0147:0>
3:14:16:030:031:1>
6:130:183:1145:1184:1185:1>
3:04:06:07:08:130:031:032:033:183:0102:1145:0147:1148:1184:0185:0>
6:130:1102:0147:0>
3:14:16:030:031:1>
6:130:183:1145:1184:1>
3:04:06:07:130:031:032:183:0102:1145:0147:1148:0149:1184:0>
6:130:1102:0147:0>
3:14:16:030:031:1>
6:130:183:1145:1184:1185:1186:1>
3:04:06:07:08:09:130:031:032:033:034:183:0102:1145:0147:1148:1184:0185:0186:0>
6:130:1102:0147:0>
3:14:16:030:031:1>
6:130:183:1145:1151:1184:1>
3:04:06:07:130:031:032:183:0102:1145:0147:1148:0149:0150:1151:0154:0184:0>
6:130:1102:0147:0>
3:14:16:030:031:1>
6:130:183:1145:1184:1185:1>
3:04:06:07:08:130:031:032:033:183:0102:1145:0147:1148:1184:0185:0>
6:130:1102:0147:0>
3:14:16:030:031:1>
6:130:183:1145:1184:1>
3:04:06:07:130:031:032:183:0102:1145:0147:1148:0149:1155:0184:0>
6:130:1102:0147:0>
3:14:16:030:031:1>
6:130:183:1145:1184:1185:1186:1187:1188:1>
3:04:06:07:08:09:010:011:130:031:032:033:034:035:036:183:0102:1145:0147:1148:1156:0184:0185:0186:0187:0188:0>
6:130:1102:0147:0>
3:14:16:030:031:1>
6:130:183:1145:1151:1153:1157:1184:1>
3:04:06:07:130:031:032:183:0102:1145:0147:1148:0149:0150:0151:0152:0153:0154:1155:1156:1157:0184:0>
6:130:1102:0147:0>
3:14:16:030:031:1>
6:130:183:1145:1184:1185:1>
3:04:06:07:08:130:031:032:033:183:0102:1145:0147:1148:1184:0185:0>
6:130:1102:0147:0>
3:14:16:030:031:1>
6:130:183:1145:1184:1>
3:04:06:07:130:031:032:183:0102:1145:0147:1148:0149:1184:0>
6:130:1102:0147:0>
3:14:16:030:031:1>
6:130:183:1145:1184:1185:1186:1>
3:04:06:07:08:09:130:031:032:033:034:183:0102:1145:0147:1148:1184:0185:0186:0>
6:130:1102:0147:0>
3:14:16:030:031:1>
6:130:183:1145:1151:1184:1>
3:04:06:07:130:031:032:183:0102:1145:0147:1148:0149:0150:1151:0184:0>
6:130:1102:0147:0>
3:14:16:030:031:1>
6:130:183:1145:1184:1185:1>
3:04:06:07:08:130:031:032:033:183:0102:1145:0147:1148:1184:0185:0>
6:130:1102:0147:0>
3:14:16:030:031:1>
6:130:183:1145:1184:1>
3:04:06:07:130:031:032:183:0102:1145:0147:1148:0149:1184:0>
6:130:1102:0147:0>
3:14:16:030:031:1>
6:130:183:1145:1184:1185:1186:1187:1>
3:04:06:07:08:09:010:130:031:032:033:034:035:183:0102:1145:0147:1148:1184:0185:0186:0187:0>
6:130:1102:0147:0>
3:14:16:030:031:1>
6:130:183:1145:1151:1153:1184:1>
3:04:06:07:130:031:032:183:0102:1145:0147:1148:0149:0150:0151:0152:1153:0184:0>
6:130:1102:0147:0>
3:14:16:030:031:1>
6:130:183:1145:1184:1185:1>
3:04:06:07:08:130:031:032:033:183:0102:1145:0147:1148:1184:0185:0>
6:130:1102:0147:0>
3:14:16:030:031:1>
6:130:183:1145:1184:1>
3:04:06:07:130:031:032:183:0102:1145:0147:1148:0149:1184:0>
6:130:1102:0147:0>
3:14:16:030:031:1>
6:130:183:1145:1184:1185:1186:1>
3:04:06:07:08:09:130:031:032:033:034:183:0102:1145:0147:1148:1184:0185:0186:0>
6:130:1102:0147:0>
3:14:16:030:031:1>
6:130:183:1145:1151:1184:1>
3:04:06:07:130:031:032:183:0102:1145:0147:1148:0149:0150:1151:0154:0184:0>
6:130:1102:0147:0>
3:14:16:030:031:1>
6:130:183:1145:1184:1185:1>
3:04:06:07:08:130:031:032:033:183:0102:1145:0147:1148:1184:0185:0>
6:130:1102:0147:0>
3:14:16:030:031:1>
6:130:183:1145:1184:1>
3:04:06:07:130:031:032:183:0102:1145:0147:1148:0149:1155:0184:0>
6:130:1102:0147:0>
3:14:16:030:031:1>
6:130:183:1145:1184:1185:1186:1187:1188:1189:1>
3:04:06:07:08:09:010:011:012:130:031:032:033:034:035:036:037:183:0102:1145:0147:1148:1156:0184:0185:0186:0187:0188:0189:0>
6:130:1102:0147:0>
3:14:16:030:031:1>
6:130:183:1145:1151:1153:1157:1184:1>
3:04:06:07:130:031:032:183:0102:1145:0147:1148:0149:0150:0151:0152:0153:0154:1155:1156:1157:0184:0>
6:130:1102:0147:0>
3:14:16:030:031:1>
6:130:183:1145:1184:1185:1>
3:04:06:07:08:130:031:032:033:183:0102:1145:0147:1148:1184:0185:0>
6:130:1102:0147:0>
3:14:16:030:031:1>
6:130:183:1145:1184:1>
3:04:06:07:130:031:032:183:0102:1145:0147:1148:0149:1184:0>
6:130:1102:0147:0>
3:14:16:030:031:1>
6:130:183:1145:1184:1185:1186:1>
3:04:06:07:08:09:130:031:032:033:034:183:0102:1145:0147:1148:1184:0185:0186:0>
6:130:1102:0147:0>
3:14:16:030:031:1>
6:130:183:1145:1151:1184:1>
3:04:06:07:130:031:032:183:0102:1145:0147:1148:0149:0150:1151:0184:0>
6:130:1102:0147:0>
3:14:16:030:031:1>
6:130:183:1145:1184:1185:1>
3:04:06:07:08:130:031:032:033:183:0102:1145:0147:1148:1184:0185:0>
6:130:1102:0147:0>
3:14:16:030:031:1>
6:130:183:1145:1184:1>
3:04:06:07:130:031:032:183:0102:1145:0147:1148:0149:1184:0>
6:130:1102:0147:0>
3:14:16:030:031:1>
6:130:183:1145:1184:1185:1186:1187:1>
3:04:06:07:08:09:010:130:031:032:033:034:035:183:0102:1145:0147:1148:1184:0185:0186:0187:0>
6:130:1102:0147:0>
3:14:16:030:031:1>
6:130:183:1145:1151:1153:1184:1>
3:04:06:07:130:031:032:183:0102:1145:0147:1148:0149:0150:0151:0152:1153:0184:0>
6:130:1102:0147:0>
3:14:16:030:031:1>
6:130:183:1145:1184:1185:1>
3:04:06:07:08:130:031:032:033:183:0102:1145:0147:1148:1184:0185:0>
6:130:1102:0147:0>
3:14:16:030:031:1>
6:130:183:1145:1184:1>
3:04:06:07:130:031:032:183:0102:1145:0147:1148:0149:1184:0>
6:130:1102:0147:0>
3:14:16:030:031:1>
6:130:183:1145:1184:1185:1186:1>
3:04:06:07:08:09:130:031:032:033:034:183:0102:1145:0147:1148:1184:0185:0186:0>
6:130:1102:0147:0>
3:14:16:030:031:1>
6:130:183:1145:1151:1184:1>
3:04:06:07:130:031:032:183:0102:1145:0147:1148:0149:0150:1151:0154:0184:0>
6:130:1102:0147:0>
3:14:16:030:031:1>
6:130:183:1145:1184:1185:1>
3:04:06:07:08:130:031:032:033:183:0102:1145:0147:1148:1184:0185:0>
6:130:1102:0147:0>
3:14:16:030:031:1>
6:130:183:1145:1184:1>
3:04:06:07:130:031:032:183:0102:1145:0147:1148:0149:1155:0184:0>
6:130:1102:0147:0>
3:14:16:030:031:1>
6:130:183:1145:1184:1185:1186:1187:1188:1>
3:04:06:07:08:09:010:011:130:031:032:033:034:035:036:183:0102:1145:0147:1148:1156:0184:0185:0186:0187:0188:0>
6:130:1102:0147:0>
3:14:16:030:031:1>
6:130:183:1145:1151:1153:1157:1184:1>
3:04:06:07:130:031:032:183:0102:1145:0147:1148:0149:0150:0151:0152:0153:0154:1155:1156:1157:0184:0>
6:130:1102:0147:0>
3:14:16:030:031:1>
6:130:183:1145:1184:1185:1>
3:04:06:07:08:130:031:032:033:183:0102:1145:0147:1148:1184:0185:0>
6:130:1102:0147:0>
3:14:16:030:031:1>
6:130:183:1145:1184:1>
3:04:06:07:130:031:032:183:0102:1145:0147:1148:0149:1184:0>
6:130:1102:0147:0>
3:14:16:030:031:1>
6:130:183:1145:1184:1185:1186:1>
3:04:06:07:08:09:130:031:032:033:034:183:0102:1145:0147:1148:1184:0185:0186:0>
6:130:1102:0147:0>
3:14:16:030:031:1>
6:130:183:1145:1151:1184:1>
3:04:06:07:130:031:032:183:0102:1145:0147:1148:0149:0150:1151:0184:0>
6:130:1102:0147:0>
3:14:16:030:031:1>
6:130:183:1145:1184:1185:1>
3:04:06:07:08:130:031:032:033:183:0102:1145:0147:1148:1184:0185:0>
6:130:1102:0147:0>
3:14:16:030:031:1>
6:130:183:1145:1184:1>
3:04:06:07:130:031:032:183:0102:1145:0147:1148:0149:1184:0>
6:130:1102:0147:0>
3:14:16:030:031:1>
6:130:183:1145:1184:1185:1186:1187:1>
3:04:06:07:08:09:010:130:031:032:033:034:035:183:0102:1145:0147:1148:1184:0185:0186:0187:0>
6:130:1102:0147:0>
3:14:16:030:031:1>
6:130:183:1145:1151:1153:1184:1>
3:04:06:07:130:031:032:183:0102:1145:0147:1148:0149:0150:0151:0152:1153:0184:0>
6:130:1102:0147:0>
3:14:16:030:031:1>
6:130:183:1145:1184:1185:1>
3:04:06:07:08:130:031:032:033:183:0102:1145:0147:1148:1184:0185:0>
6:130:1102:0147:0>
3:14:16:030:031:1>
6:130:183:1145:1184:1>
3:04:06:07:130:031:032:183:0102:1145:0147:1148:0149:1184:0>
6:130:1102:0147:0>
3:14:16:030:031:1>
6:130:183:1145:1184:1185:1186:1>
3:04:06:07:08:09:130:031:032:033:034:183:0102:1145:0147:1148:1184:0185:0186:0>
6:130:1102:0147:0>
3:14:16:030:031:1>
6:130:183:1145:1151:1184:1>
3:04:06:07:130:031:032:183:0102:1145:0147:1148:0149:0150:1151:0154:0184:0>
6:130:1102:0147:0>
3:14:16:030:031:1>
6:130:183:1145:1184:1185:1>
3:04:06:07:08:130:031:032:033:183:0102:1145:0147:1148:1184:0185:0>
6:130:1102:0147:0>
3:14:16:030:031:1>
6:130:183:1145:1184:1>
3:04:06:07:130:031:032:183:0102:1145:0147:1148:0149:1155:0184:0>
6:130:1102:0147:0>
3:14:16:030:031:1>
6:130:183:1145:1184:1185:1186:1187:1188:1189:1190:1191:1192:1>
3:04:06:07:08:09:010:011:012:013:014:015:130:031:032:033:034:035:036:037:038:039:040:183:0102:1145:0147:1148:1156:0184:0185:0186:0187:0188:0189:0190:0191:0192:0>
6:130:1102:0147:0>
3:14:16:030:031:1>
6:130:183:1145:1151:1153:1157:1184:1>
3:04:06:07:130:031:032:183:0102:1145:0147:1148:0149:0150:0151:0152:0153:0154:1155:1156:1157:0184:0>
6:130:1102:0147:0>
3:14:16:030:031:1>
6:130:183:1145:1184:1185:1>
3:04:06:07:08:130:031:032:033:183:0102:1145:0147:1148:1184:0185:0>
6:130:1102:0147:0>
3:14:16:030:031:1>
6:130:183:1145:1184:1>
3:04:06:07:130:031:032:183:0102:1145:0147:1148:0149:1184:0>
6:130:1102:0147:0>
3:14:16:030:031:1>
6:130:183:1145:1184:1185:1186:1>
3:04:06:07:08:09:130:031:032:033:034:183:0102:1145:0147:1148:1184:0185:0186:0>
6:130:1102:0147:0>
3:14:16:030:031:1>
6:130:183:1145:1151:1184:1>
3:04:06:07:130:031:032:183:0102:1145:0147:1148:0149:0150:1151:0184:0>
6:130:1102:0147:0>
3:14:16:030:031:1>
6:130:183:1145:1184:1185:1>
3:04:06:07:08:130:031:032:033:183:0102:1145:0147:1148:1184:0185:0>
6:130:1102:0147:0>
3:14:16:030:031:1>
6:130:183:1145:1184:1>
3:04:06:07:130:031:032:183:0102:1145:0147:1148:0149:1184:0>
6:130:1102:0147:0>
3:14:16:030:031:1>
6:130:183:1145:1184:1185:1186:1187:1>
3:04:06:07:08:09:010:130:031:032:033:034:035:183:0102:1145:0147:1148:1184:0185:0186:0187:0>
6:130:1102:0147:0>
3:14:16:030:031:1>
6:130:183:1145:1151:1153:1184:1>
3:04:06:07:130:031:032:183:0102:1145:0147:1148:0149:0150:0151:0152:1153:0184:0>
6:130:1102:0147:0>
3:14:16:030:031:1>
6:130:183:1145:1184:1185:1>
3:04:06:07:08:130:031:032:033:183:0102:1145:0147:1148:1184:0185:0>
6:130:1102:0147:0>
3:14:16:030:031:1>
6:130:183:1145:1184:1>
3:04:06:07:130:031:032:183:0102:1145:0147:1148:0149:1184:0>
6:130:1102:0147:0>
3:14:16:030:031:1>
6:130:183:1145:1184:1185:1186:1>
3:04:06:07:08:09:130:031:032:033:034:183:0102:1145:0147:1148:1184:0185:0186:0>
6:130:1102:0147:0>
3:14:16:030:031:1>
6:130:183:1145:1151:1184:1>
3:04:06:07:130:031:032:183:0102:1145:0147:1148:0149:0150:1151:0154:0184:0>
6:130:1102:0147:0>
3:14:16:030:031:1>
6:130:183:1145:1184:1185:1>
3:04:06:07:08:130:031:032:033:183:0102:1145:0147:1148:1184:0185:0>
6:130:1102:0147:0>
3:14:16:030:031:1>
6:130:183:1145:1184:1>
3:04:06:07:130:031:032:183:0102:1145:0147:1148:0149:1155:0184:0>
6:130:1102:0147:0>
3:14:16:030:031:1>
6:130:183:1145:1184:1185:1186:1187:1188:1>
3:04:06:07:08:09:010:011:130:031:032:033:034:035:036:183:0102:1145:0147:1148:1156:0184:0185:0186:0187:0188:0>
6:130:1102:0147:0>
3:14:16:030:031:1>
6:130:183:1145:1151:1153:1157:1184:1>
3:04:06:07:130:031:032:183:0102:1145:0147:1148:0149:0150:0151:0152:0153:0154:1155:1156:1157:0184:0>
6:130:1102:0147:0>
3:14:16:030:031:1>
6:130:183:1145:1184:1185:1>
3:04:06:07:08:130:031:032:033:183:0102:1145:0147:1148:1184:0185:0>
6:130:1102:0147:0>
3:14:16:030:031:1>
6:130:183:1145:1184:1>
3:04:06:07:130:031:032:183:0102:1145:0147:1148:0149:1184:0>
6:130:1102:0147:0>
3:14:16:030:031:1>
6:130:183:1145:1184:1185:1186:1>
3:04:06:07:08:09:130:031:032:033:034:183:0102:1145:0147:1148:1184:0185:0186:0>
6:130:1102:0147:0>
3:14:16:030:031:1>
6:130:183:1145:1151:1184:1>
3:04:06:07:130:031:032:183:0102:1145:0147:1148:0149:0150:1151:0184:0>
6:130:1102:0147:0>
3:14:16:030:031:1>
6:130:183:1145:1184:1185:1>
3:04:06:07:08:130:031:032:033:183:0102:1145:0147:1148:1184:0185:0>
6:130:1102:0147:0>
3:14:16:030:031:1>
6:130:183:1145:1184:1>
3:04:06:07:130:031:032:183:0102:1145:0147:1148:0149:1184:0>
6:130:1102:0147:0>
3:14:16:030:031:1>
6:130:183:1145:1184:1185:1186:1187:1>
3:04:06:07:08:09:010:130:031:032:033:034:035:183:0102:1145:0147:1148:1184:0185:0186:0187:0>
6:130:1102:0147:0>
3:14:16:030:031:1>
6:130:183:1145:1151:1153:1184:1>
3:04:06:07:130:031:032:183:0102:1145:0147:1148:0149:0150:0151:0152:1153:0184:0>
6:130:1102:0147:0>
3:14:16:030:031:1>
6:130:183:1145:1184:1185:1>
3:04:06:07:08:130:031:032:033:183:0102:1145:0147:1148:1184:0185:0>
6:130:1102:0147:0>
3:14:16:030:031:1>
6:130:183:1145:1184:1>
3:04:06:07:130:031:032:183:0102:1145:0147:1148:0149:1184:0>
6:130:1102:0147:0>
3:14:16:030:031:1>
6:130:183:1145:1184:1185:1186:1>
3:04:06:07:08:09:130:031:032:033:034:183:0102:1145:0147:1148:1184:0185:0186:0>
6:130:1102:0147:0>
3:14:16:030:031:1>
6:130:183:1145:1151:1184:1>
3:04:06:07:130:031:032:183:0102:1145:0147:1148:0149:0150:1151:0154:0184:0>
6:130:1102:0147:0>
3:14:16:030:031:1>
6:130:183:1145:1184:1185:1>
3:04:06:07:08:130:031:032:033:183:0102:1145:0147:1148:1184:0185:0>
6:130:1102:0147:0>
3:14:16:030:031:1>
6:130:183:1145:1184:1>
3:04:06:07:130:031:032:183:0102:1145:0147:1148:0149:1155:0184:0>
6:130:1102:0147:0>
3:14:16:030:031:1>
6:130:183:1145:1184:1185:1186:1187:1188:1189:1>
3:04:06:07:08:09:010:011:012:130:031:032:033:034:035:036:037:183:0102:1145:0147:1148:1156:0184:0185:0186:0187:0188:0189:0>
6:130:1102:0147:0>
3:14:16:030:031:1>
6:130:183:1145:1151:1153:1157:1184:1>
3:04:06:07:130:031:032:183:0102:1145:0147:1148:0149:0150:0151:0152:0153:0154:1155:1156:1157:0184:0>
6:130:1102:0147:0>
3:14:16:030:031:1>
6:130:183:1145:1184:1185:1>
3:04:06:07:08:130:031:032:033:183:0102:1145:0147:1148:1184:0185:0>
6:130:1102:0147:0>
3:14:16:030:031:1>
6:130:183:1145:1184:1>
3:04:06:07:130:031:032:183:0102:1145:0147:1148:0149:1184:0>
6:130:1102:0147:0>
3:14:16:030:031:1>
6:130:183:1145:1184:1185:1186:1>
3:04:06:07:08:09:130:031:032:033:034:183:0102:1145:0147:1148:1184:0185:0186:0>
6:130:1102:0147:0>
3:14:16:030:031:1>
6:130:183:1145:1151:1184:1>
3:04:06:07:130:031:032:183:0102:1145:0147:1148:0149:0150:1151:0184:0>
6:130:1102:0147:0>
3:14:16:030:031:1>
6:130:183:1145:1184:1185:1>
3:04:06:07:08:130:031:032:033:183:0102:1145:0147:1148:1184:0185:0>
6:130:1102:0147:0>
3:14:16:030:031:1>
6:130:183:1145:1184:1>
3:04:06:07:130:031:032:183:0102:1145:0147:1148:0149:1184:0>
6:130:1102:0147:0>
3:14:16:030:031:1>
6:130:183:1145:1184:1185:1186:1187:1>
3:04:06:07:08:09:010:130:031:032:033:034:035:183:0102:1145:0147:1148:1184:0185:0186:0187:0>
6:130:1102:0147:0>
3:14:16:030:031:1>
6:130:183:1145:1151:1153:1184:1>
3:04:06:07:130:031:032:183:0102:1145:0147:1148:0149:0150:0151:0152:1153:0184:0>
6:130:1102:0147:0>
3:14:16:030:031:1>
6:130:183:1145:1184:1185:1>
3:04:06:07:08:130:031:032:033:183:0102:1145:0147:1148:1184:0185:0>
6:130:1102:0147:0>
3:14:16:030:031:1>
6:130:183:1145:1184:1>
3:04:06:07:130:031:032:183:0102:1145:0147:1148:0149:1184:0>
6:130:1102:0147:0>
3:14:16:030:031:1>
6:130:183:1145:1184:1185:1186:1>
3:04:06:07:08:09:130:031:032:033:034:183:0102:1145:0147:1148:1184:0185:0186:0>
6:130:1102:0147:0>
3:14:16:030:031:1>
6:130:183:1145:1151:1184:1>
3:04:06:07:130:031:032:183:0102:1145:0147:1148:0149:0150:1151:0154:0184:0>
6:130:1102:0147:0>
3:14:16:030:031:1>
6:130:183:1145:1184:1185:1>
3:04:06:07:08:130:031:032:033:183:0102:1145:0147:1148:1184:0185:0>
6:130:1102:0147:0>
3:14:16:030:031:1>
6:130:183:1145:1184:1>
3:04:06:07:130:031:032:183:0102:1145:0147:1148:0149:1155:0184:0>
6:130:1102:0147:0>
3:14:16:030:031:1>
6:130:183:1145:1184:1185:1186:1187:1188:1>
3:04:06:07:08:09:010:011:130:031:032:033:034:035:036:183:0102:1145:0147:1148:1156:0184:0185:0186:0187:0188:0>
6:130:1102:0147:0>
3:14:16:030:031:1>
6:130:183:1145:1151:1153:1157:1184:1>
3:04:06:07:130:031:032:183:0102:1145:0147:1148:0149:0150:0151:0152:0153:0154:1155:1156:1157:0184:0>
6:130:1102:0147:0>
3:14:16:030:031:1>
6:130:183:1145:1184:1185:1>
3:04:06:07:08:130:031:032:033:183:0102:1145:0147:1148:1184:0185:0>
6:130:1102:0147:0>
3:14:16:030:031:1>
6:130:183:1145:1184:1>
3:04:06:07:130:031:032:183:0102:1145:0147:1148:0149:1184:0>
6:130:1102:0147:0>
3:14:16:030:031:1>
6:130:183:1145:1184:1185:1186:1>
3:04:06:07:08:09:130:031:032:033:034:183:0102:1145:0147:1148:1184:0185:0186:0>
6:130:1102:0147:0>
3:14:16:030:031:1>
6:130:183:1145:1151:1184:1>
3:04:06:07:130:031:032:183:0102:1145:0147:1148:0149:0150:1151:0184:0>
6:130:1102:0147:0>
3:14:16:030:031:1>
6:130:183:1145:1184:1185:1>
3:04:06:07:08:130:031:032:033:183:0102:1145:0147:1148:1184:0185:0>
6:130:1102:0147:0>
3:14:16:030:031:1>
6:130:183:1145:1184:1>
3:04:06:07:130:031:032:183:0102:1145:0147:1148:0149:1184:0>
6:130:1102:0147:0>
3:14:16:030:031:1>
6:130:183:1145:1184:1185:1186:1187:1>
3:04:06:07:08:09:010:130:031:032:033:034:035:183:0102:1145:0147:1148:1184:0185:0186:0187:0>
6:130:1102:0147:0>
3:14:16:030:031:1>
6:130:183:1145:1151:1153:1184:1>
3:04:06:07:130:031:032:183:0102:1145:0147:1148:0149:0150:0151:0152:1153:0184:0>
6:130:1102:0147:0>
3:14:16:030:031:1>
6:130:183:1145:1184:1185:1>
3:04:06:07:08:130:031:032:033:183:0102:1145:0147:1148:1184:0185:0>
6:130:1102:0147:0>
3:14:16:030:031:1>
6:130:183:1145:1184:1>
3:04:06:07:130:031:032:183:0102:1145:0147:1148:0149:1184:0>
6:130:1102:0147:0>
3:14:16:030:031:1>
6:130:183:1145:1184:1185:1186:1>
3:04:06:07:08:09:130:031:032:033:034:183:0102:1145:0147:1148:1184:0185:0186:0>
6:130:1102:0147:0>
3:14:16:030:031:1>
6:130:183:1145:1151:1184:1>
3:04:06:07:130:031:032:183:0102:1145:0147:1148:0149:0150:1151:0154:0184:0>
6:130:1102:0147:0>
3:14:16:030:031:1>
6:130:183:1145:1184:1185:1>
3:04:06:07:08:130:031:032:033:183:0102:1145:0147:1148:1184:0185:0>
6:130:1102:0147:0>
3:14:16:030:031:1>
6:130:183:1145:1184:1>
3:04:06:07:130:031:032:183:0102:1145:0147:1148:0149:1155:0184:0>
6:130:1102:0147:0>
3:14:16:030:031:1>
6:130:183:1145:1184:1185:1186:1187:1188:1189:1190:1>
3:04:06:07:08:09:010:011:012:013:130:031:032:033:034:035:036:037:038:183:0102:1145:0147:1148:1156:0184:0185:0186:0187:0188:0189:0190:0>
6:130:1102:0147:0>
3:14:16:030:031:1>
6:130:183:1145:1151:1153:1157:1184:1>
3:04:06:07:130:031:032:183:0102:1145:0147:1148:0149:0150:0151:0152:0153:0154:1155:1156:1157:0184:0>
6:130:1102:0147:0>
3:14:16:030:031:1>
6:130:183:1145:1184:1185:1>
3:04:06:07:08:130:031:032:033:183:0102:1145:0147:1148:1184:0185:0>
6:130:1102:0147:0>
3:14:16:030:031:1>
6:130:183:1145:1184:1>
3:04:06:07:130:031:032:183:0102:1145:0147:1148:0149:1184:0>
6:130:1102:0147:0>
3:14:16:030:031:1>
6:130:183:1145:1184:1185:1186:1>
3:04:06:07:08:09:130:031:032:033:034:183:0102:1145:0147:1148:1184:0185:0186:0>
6:130:1102:0147:0>
3:14:16:030:031:1>
6:130:183:1145:1151:1184:1>
3:04:06:07:130:031:032:183:0102:1145:0147:1148:0149:0150:1151:0184:0>
6:130:1102:0147:0>
3:14:16:030:031:1>
6:130:183:1145:1184:1185:1>
3:04:06:07:08:130:031:032:033:183:0102:1145:0147:1148:1184:0185:0>
6:130:1102:0147:0>
3:14:16:030:031:1>
6:130:183:1145:1184:1>
3:04:06:07:130:031:032:183:0102:1145:0147:1148:0149:1184:0>
6:130:1102:0147:0>
3:14:16:030:031:1>
6:130:183:1145:1184:1185:1186:1187:1>
3:04:06:07:08:09:010:130:031:032:033:034:035:183:0102:1145:0147:1148:1184:0185:0186:0187:0>
6:130:1102:0147:0>
3:14:16:030:031:1>
6:130:183:1145:1151:1153:1184:1>
3:04:06:07:130:031:032:183:0102:1145:0147:1148:0149:0150:0151:0152:1153:0184:0>
6:130:1102:0147:0>
3:14:16:030:031:1>
6:130:183:1145:1184:1185:1>
3:04:06:07:08:130:031:032:033:183:0102:1145:0147:1148:1184:0185:0>
6:130:1102:0147:0>
3:14:16:030:031:1>
6:130:183:1145:1184:1>
3:04:06:07:130:031:032:183:0102:1145:0147:1148:0149:1184:0>
6:130:1102:0147:0>
3:14:16:030:031:1>
6:130:183:1145:1184:1185:1186:1>
3:04:06:07:08:09:130:031:032:033:034:183:0102:1145:0147:1148:1184:0185:0186:0>
6:130:1102:0147:0>
3:14:16:030:031:1>
6:130:183:1145:1151:1184:1>
3:04:06:07:130:031:032:183:0102:1145:0147:1148:0149:0150:1151:0154:0184:0>
6:130:1102:0147:0>
3:14:16:030:031:1>
6:130:183:1145:1184:1185:1>
3:04:06:07:08:130:031:032:033:183:0102:1145:0147:1148:1184:0185:0>
6:130:1102:0147:0>
3:14:16:030:031:1>
6:130:183:1145:1184:1>
3:04:06:07:130:031:032:183:0102:1145:0147:1148:0149:1155:0184:0>
6:130:1102:0147:0>
3:14:16:030:031:1>
6:130:183:1145:1184:1185:1186:1187:1188:1>
3:04:06:07:08:09:010:011:130:031:032:033:034:035:036:183:0102:1145:0147:1148:1156:0184:0185:0186:0187:0188:0>
6:130:1102:0147:0>
3:14:16:030:031:1>
6:130:183:1145:1151:1153:1157:1184:1>
3:04:06:07:130:031:032:183:0102:1145:0147:1148:0149:0150:0151:0152:0153:0154:1155:1156:1157:0184:0>
6:130:1102:0147:0>
3:14:16:030:031:1>
6:130:183:1145:1184:1185:1>
3:04:06:07:08:130:031:032:033:183:0102:1145:0147:1148:1184:0185:0>
6:130:1102:0147:0>
3:14:16:030:031:1>
6:130:183:1145:1184:1>
3:04:06:07:130:031:032:183:0102:1145:0147:1148:0149:1184:0>
6:130:1102:0147:0>
3:14:16:030:031:1>
6:130:183:1145:1184:1185:1186:1>
3:04:06:07:08:09:130:031:032:033:034:183:0102:1145:0147:1148:1184:0185:0186:0>
6:130:1102:0147:0>
3:14:16:030:031:1>
6:130:183:1145:1151:1184:1>
3:04:06:07:130:031:032:183:0102:1145:0147:1148:0149:0150:1151:0184:0>
6:130:1102:0147:0>
3:14:16:030:031:1>
6:130:183:1145:1184:1185:1>
3:04:06:07:08:130:031:032:033:183:0102:1145:0147:1148:1184:0185:0>
6:130:1102:0147:0>
3:14:16:030:031:1>
6:130:183:1145:1184:1>
3:04:06:07:130:031:032:183:0102:1145:0147:1148:0149:1184:0>
6:130:1102:0147:0>
3:14:16:030:031:1>
6:130:183:1145:1184:1185:1186:1187:1>
3:04:06:07:08:09:010:130:031:032:033:034:035:183:0102:1145:0147:1148:1184:0185:0186:0187:0>
6:130:1102:0147:0>
3:14:16:030:031:1>
6:130:183:1145:1151:1153:1184:1>
3:04:06:07:130:031:032:183:0102:1145:0147:1148:0149:0150:0151:0152:1153:0184:0>
6:130:1102:0147:0>
3:14:16:030:031:1>
6:130:183:1145:1184:1185:1>
3:04:06:07:08:130:031:032:033:183:0102:1145:0147:1148:1184:0185:0>
6:130:1102:0147:0>
3:14:16:030:031:1>
6:130:183:1145:1184:1>
3:04:06:07:130:031:032:183:0102:1145:0147:1148:0149:1184:0>
6:130:1102:0147:0>
3:14:16:030:031:1>
6:130:183:1145:1184:1185:1186:1>
3:04:06:07:08:09:130:031:032:033:034:183:0102:1145:0147:1148:1184:0185:0186:0>
6:130:1102:0147:0>
3:14:16:030:031:1>
6:130:183:1145:1151:1184:1>
3:04:06:07:130:031:032:183:0102:1145:0147:1148:0149:0150:1151:0154:0184:0>
6:130:1102:0147:0>
3:14:16:030:031:1>
6:130:183:1145:1184:1185:1>
3:04:06:07:08:130:031:032:033:183:0102:1145:0147:1148:1184:0185:0>
6:130:1102:0147:0>
3:14:16:030:031:1>
6:130:183:1145:1184:1>
3:04:06:07:130:031:032:183:0102:1145:0147:1148:0149:1155:0184:0>
6:130:1102:0147:0>
3:14:16:030:031:1>
6:130:183:1145:1184:1185:1186:1187:1188:1189:1>
3:04:06:07:08:09:010:011:012:130:031:032:033:034:035:036:037:183:0102:1145:0147:1148:1156:0184:0185:0186:0187:0188:0189:0>
6:130:1102:0147:0>
3:14:16:030:031:1>
6:130:183:1145:1151:1153:1157:1184:1>
3:04:06:07:130:031:032:183:0102:1145:0147:1148:0149:0150:0151:0152:0153:0154:1155:1156:1157:0184:0>
6:130:1102:0147:0>
3:14:16:030:031:1>
6:130:183:1145:1184:1185:1>
3:04:06:07:08:130:031:032:033:183:0102:1145:0147:1148:1184:0185:0>
6:130:1102:0147:0>
3:14:16:030:031:1>
6:130:183:1145:1184:1>
3:04:06:07:130:031:032:183:0102:1145:0147:1148:0149:1184:0>
6:130:1102:0147:0>
3:14:16:030:031:1>
6:130:183:1145:1184:1185:1186:1>
3:04:06:07:08:09:130:031:032:033:034:183:0102:1145:0147:1148:1184:0185:0186:0>
6:130:1102:0147:0>
3:14:16:030:031:1>
6:130:183:1145:1151:1184:1>
3:04:06:07:130:031:032:183:0102:1145:0147:1148:0149:0150:1151:0184:0>
6:130:1102:0147:0>
3:14:16:030:031:1>
6:130:183:1145:1184:1185:1>
3:04:06:07:08:130:031:032:033:183:0102:1145:0147:1148:1184:0185:0>
6:130:1102:0147:0>
3:14:16:030:031:1>
6:130:183:1145:1184:1>
3:04:06:07:130:031:032:183:0102:1145:0147:1148:0149:1184:0>
6:130:1102:0147:0>
3:14:16:030:031:1>
6:130:183:1145:1184:1185:1186:1187:1>
3:04:06:07:08:09:010:130:031:032:033:034:035:183:0102:1145:0147:1148:1184:0185:0186:0187:0>
6:130:1102:0147:0>
3:14:16:030:031:1>
6:130:183:1145:1151:1153:1184:1>
3:04:06:07:130:031:032:183:0102:1145:0147:1148:0149:0150:0151:0152:1153:0184:0>
6:130:1102:0147:0>
3:14:16:030:031:1>
6:130:183:1145:1184:1185:1>
3:04:06:07:08:130:031:032:033:183:0102:1145:0147:1148:1184:0185:0>
6:130:1102:0147:0>
3:14:16:030:031:1>
6:130:183:1145:1184:1>
3:04:06:07:130:031:032:183:0102:1145:0147:1148:0149:1184:0>
6:130:1102:0147:0>
3:14:16:030:031:1>
6:130:183:1145:1184:1185:1186:1>
3:04:06:07:08:09:130:031:032:033:034:183:0102:1145:0147:1148:1184:0185:0186:0>
6:130:1102:0147:0>
3:14:16:030:031:1>
6:130:183:1145:1151:1184:1>
3:04:06:07:130:031:032:183:0102:1145:0147:1148:0149:0150:1151:0154:0184:0>
6:130:1102:0147:0>
3:14:16:030:031:1>
6:130:183:1145:1184:1185:1>
3:04:06:07:08:130:031:032:033:183:0102:1145:0147:1148:1184:0185:0>
6:130:1102:0147:0>
3:14:16:030:031:1>
6:130:183:1145:1184:1>
3:04:06:07:130:031:032:183:0102:1145:0147:1148:0149:1155:0184:0>
6:130:1102:0147:0>
3:14:16:030:031:1>
6:130:183:1145:1184:1185:1186:1187:1188:1>
3:04:06:07:08:09:010:011:130:031:032:033:034:035:036:183:0102:1145:0147:1148:1156:0184:0185:0186:0187:0188:0>
6:130:1102:0147:0>
3:14:16:030:031:1>
6:130:183:1145:1151:1153:1157:1184:1>
3:04:06:07:130:031:032:183:0102:1145:0147:1148:0149:0150:0151:0152:0153:0154:1155:1156:1157:0184:0>
6:130:1102:0147:0>
3:14:16:030:031:1>
6:130:183:1145:1184:1185:1>
3:04:06:07:08:130:031:032:033:183:0102:1145:0147:1148:1184:0185:0>
6:130:1102:0147:0>
3:14:16:030:031:1>
6:130:183:1145:1184:1>
3:04:06:07:130:031:032:183:0102:1145:0147:1148:0149:1184:0>
6:130:1102:0147:0>
3:14:16:030:031:1>
6:130:183:1145:1184:1185:1186:1>
3:04:06:07:08:09:130:031:032:033:034:183:0102:1145:0147:1148:1184:0185:0186:0>
6:130:1102:0147:0>
3:14:16:030:031:1>
6:130:183:1145:1151:1184:1>
3:04:06:07:130:031:032:183:0102:1145:0147:1148:0149:0150:1151:0184:0>
6:130:1102:0147:0>
3:14:16:030:031:1>
6:130:183:1145:1184:1185:1>
3:04:06:07:08:130:031:032:033:183:0102:1145:0147:1148:1184:0185:0>
6:130:1102:0147:0>
3:14:16:030:031:1>
6:130:183:1145:1184:1>
3:04:06:07:130:031:032:183:0102:1145:0147:1148:0149:1184:0>
6:130:1102:0147:0>
3:14:16:030:031:1>
6:130:183:1145:1184:1185:1186:1187:1>
3:04:06:07:08:09:010:130:031:032:033:034:035:183:0102:1145:0147:1148:1184:0185:0186:0187:0>
6:130:1102:0147:0>
3:14:16:030:031:1>
6:130:183:1145:1151:1153:1184:1>
3:04:06:07:130:031:032:183:0102:1145:0147:1148:0149:0150:0151:0152:1153:0184:0>
6:130:1102:0147:0>
3:14:16:030:031:1>
6:130:183:1145:1184:1185:1>
3:04:06:07:08:130:031:032:033:183:0102:1145:0147:1148:1184:0185:0>
6:130:1102:0147:0>
3:14:16:030:031:1>
6:130:183:1145:1184:1>
3:04:06:07:130:031:032:183:0102:1145:0147:1148:0149:1184:0>
6:130:1102:0147:0>
3:14:16:030:031:1>
6:130:183:1145:1184:1185:1186:1>
3:04:06:07:08:09:130:031:032:033:034:183:0102:1145:0147:1148:1184:0185:0186:0>
6:130:1102:0147:0>
3:14:16:030:031:1>
6:130:183:1145:1151:1184:1>
3:04:06:07:130:031:032:183:0102:1145:0147:1148:0149:0150:1151:0154:0184:0>
6:130:1102:0147:0>
3:14:16:030:031:1>
6:130:183:1145:1184:1185:1>
3:04:06:07:08:130:031:032:033:183:0102:1145:0147:1148:1184:0185:0>
6:130:1102:0147:0>
3:14:16:030:031:1>
6:130:183:1145:1184:1>
3:04:06:07:130:031:032:183:0102:1145:0147:1148:0149:1155:0184:0>
6:130:1102:0147:0>
3:14:16:030:031:1>
6:130:183:1145:1184:1185:1186:1187:1188:1189:1190:1191:1>
3:04:06:07:08:09:010:011:012:013:014:130:031:032:033:034:035:036:037:038:039:183:0102:1145:0147:1148:1156:0184:0185:0186:0187:0188:0189:0190:0191:0>
6:130:1102:0147:0>
3:14:16:030:031:1>
6:130:183:1145:1151:1153:1157:1184:1>
3:04:06:07:130:031:032:183:0102:1145:0147:1148:0149:0150:0151:0152:0153:0154:1155:1156:1157:0184:0>
6:130:1102:0147:0>
3:14:16:030:031:1>
6:130:183:1145:1184:1185:1>
3:04:06:07:08:130:031:032:033:183:0102:1145:0147:1148:1184:0185:0>
6:130:1102:0147:0>
3:14:16:030:031:1>
6:130:183:1145:1184:1>
3:04:06:07:130:031:032:183:0102:1145:0147:1148:0149:1184:0>
6:130:1102:0147:0>
3:14:16:030:031:1>
6:130:183:1145:1184:1185:1186:1>
3:04:06:07:08:09:130:031:032:033:034:183:0102:1145:0147:1148:1184:0185:0186:0>
6:130:1102:0147:0>
3:14:16:030:031:1>
6:130:183:1145:1151:1184:1>
3:04:06:07:130:031:032:183:0102:1145:0147:1148:0149:0150:1151:0184:0>
6:130:1102:0147:0>
3:14:16:030:031:1>
6:130:183:1145:1184:1185:1>
3:04:06:07:08:130:031:032:033:183:0102:1145:0147:1148:1184:0185:0>
6:130:1102:0147:0>
3:14:16:030:031:1>
6:130:183:1145:1184:1>
3:04:06:07:130:031:032:183:0102:1145:0147:1148:0149:1184:0>
6:130:1102:0147:0>
3:14:16:030:031:1>
6:130:183:1145:1184:1185:1186:1187:1>
3:04:06:07:08:09:010:130:031:032:033:034:035:183:0102:1145:0147:1148:1184:0185:0186:0187:0>
6:130:1102:0147:0>
3:14:16:030:031:1>
6:130:183:1145:1151:1153:1184:1>
3:04:06:07:130:031:032:183:0102:1145:0147:1148:0149:0150:0151:0152:1153:0184:0>
6:130:1102:0147:0>
3:14:16:030:031:1>
6:130:183:1145:1184:1185:1>
3:04:06:07:08:130:031:032:033:183:0102:1145:0147:1148:1184:0185:0>
6:130:1102:0147:0>
3:14:16:030:031:1>
6:130:183:1145:1184:1>
3:04:06:07:130:031:032:183:0102:1145:0147:1148:0149:1184:0>
6:130:1102:0147:0>
3:14:16:030:031:1>
6:130:183:1145:1184:1185:1186:1>
3:04:06:07:08:09:130:031:032:033:034:183:0102:1145:0147:1148:1184:0185:0186:0>
6:130:1102:0147:0>
3:14:16:030:031:1>
6:130:183:1145:1151:1184:1>
3:04:06:07:130:031:032:183:0102:1145:0147:1148:0149:0150:1151:0154:0184:0>
6:130:1102:0147:0>
3:14:16:030:031:1>
6:130:183:1145:1184:1185:1>
3:04:06:07:08:130:031:032:033:183:0102:1145:0147:1148:1184:0185:0>
6:130:1102:0147:0>
3:14:16:030:031:1>
6:130:183:1145:1184:1>
3:04:06:07:130:031:032:183:0102:1145:0147:1148:0149:1155:0184:0>
6:130:1102:0147:0>
3:14:16:030:031:1>
6:130:183:1145:1184:1185:1186:1187:1188:1>
3:04:06:07:08:09:010:011:130:031:032:033:034:035:036:183:0102:1145:0147:1148:1156:0184:0185:0186:0187:0188:0>
6:130:1102:0147:0>
3:14:16:030:031:1>
6:130:183:1145:1151:1153:1157:1184:1>
3:04:06:07:130:031:032:183:0102:1145:0147:1148:0149:0150:0151:0152:0153:0154:1155:1156:1157:0184:0>
6:130:1102:0147:0>
3:14:16:030:031:1>
6:130:183:1145:1184:1185:1>
3:04:06:07:08:130:031:032:033:183:0102:1145:0147:1148:1184:0185:0>
6:130:1102:0147:0>
3:14:16:030:031:1>
6:130:183:1145:1184:1>
3:04:06:07:130:031:032:183:0102:1145:0147:1148:0149:1184:0>
6:130:1102:0147:0>
3:14:16:030:031:1>
6:130:183:1145:1184:1185:1186:1>
3:04:06:07:08:09:130:031:032:033:034:183:0102:1145:0147:1148:1184:0185:0186:0>
6:130:1102:0147:0>
3:14:16:030:031:1>
6:130:183:1145:1151:1184:1>
3:04:06:07:130:031:032:183:0102:1145:0147:1148:0149:0150:1151:0184:0>
6:130:1102:0147:0>
3:14:16:030:031:1>
6:130:183:1145:1184:1185:1>
3:04:06:07:08:130:031:032:033:183:0102:1145:0147:1148:1184:0185:0>
6:130:1102:0147:0>
3:14:16:030:031:1>
6:130:183:1145:1184:1>
3:04:06:07:130:031:032:183:0102:1145:0147:1148:0149:1184:0>
6:130:1102:0147:0>
3:14:16:030:031:1>
6:130:183:1145:1184:1185:1186:1187:1>
3:04:06:07:08:09:010:130:031:032:033:034:035:183:0102:1145:0147:1148:1184:0185:0186:0187:0>
6:130:1102:0147:0>
3:14:16:030:031:1>
6:130:183:1145:1151:1153:1184:1>
3:04:06:07:130:031:032:183:0102:1145:0147:1148:0149:0150:0151:0152:1153:0184:0>
6:130:1102:0147:0>
3:14:16:030:031:1>
6:130:183:1145:1184:1185:1>
3:04:06:07:08:130:031:032:033:183:0102:1145:0147:1148:1184:0185:0>
6:130:1102:0147:0>
3:14:16:030:031:1>
6:130:183:1145:1184:1>
3:04:06:07:130:031:032:183:0102:1145:0147:1148:0149:1184:0>
6:130:1102:0147:0>
3:14:16:030:031:1>
6:130:183:1145:1184:1185:1186:1>
3:04:06:07:08:09:130:031:032:033:034:183:0102:1145:0147:1148:1184:0185:0186:0>
6:130:1102:0147:0>
3:14:16:030:031:1>
6:130:183:1145:1151:1184:1>
3:04:06:07:130:031:032:183:0102:1145:0147:1148:0149:0150:1151:0154:0184:0>
6:130:1102:0147:0>
3:14:16:030:031:1>
6:130:183:1145:1184:1185:1>
3:04:06:07:08:130:031:032:033:183:0102:1145:0147:1148:1184:0185:0>
6:130:1102:0147:0>
3:14:16:030:031:1>
6:130:183:1145:1184:1>
3:04:06:07:130:031:032:183:0102:1145:0147:1148:0149:1155:0184:0>
6:130:1102:0147:0>
3:14:16:030:031:1>
6:130:183:1145:1184:1185:1186:1187:1188:1189:1>
3:04:06:07:08:09:010:011:012:130:031:032:033:034:035:036:037:183:0102:1145:0147:1148:1156:0184:0185:0186:0187:0188:0189:0>
6:130:1102:0147:0>
3:14:16:030:031:1>
6:130:183:1145:1151:1153:1157:1184:1>
3:04:06:07:130:031:032:183:0102:1145:0147:1148:0149:0150:0151:0152:0153:0154:1155:1156:1157:0184:0>
6:130:1102:0147:0>
3:14:16:030:031:1>
6:130:183:1145:1184:1185:1>
3:04:06:07:08:130:031:032:033:183:0102:1145:0147:1148:1184:0185:0>
6:130:1102:0147:0>
3:14:16:030:031:1>
6:130:183:1145:1184:1>
3:04:06:07:130:031:032:183:0102:1145:0147:1148:0149:1184:0>
6:130:1102:0147:0>
3:14:16:030:031:1>
6:130:183:1145:1184:1185:1186:1>
3:04:06:07:08:09:130:031:032:033:034:183:0102:1145:0147:1148:1184:0185:0186:0>
6:130:1102:0147:0>
3:14:16:030:031:1>
6:130:183:1145:1151:1184:1>
3:04:06:07:130:031:032:183:0102:1145:0147:1148:0149:0150:1151:0184:0>
6:130:1102:0147:0>
3:14:16:030:031:1>
6:130:183:1145:1184:1185:1>
3:04:06:07:08:130:031:032:033:183:0102:1145:0147:1148:1184:0185:0>
6:130:1102:0147:0>
3:14:16:030:031:1>
6:130:183:1145:1184:1>
3:04:06:07:130:031:032:183:0102:1145:0147:1148:0149:1184:0>
6:130:1102:0147:0>
3:14:16:030:031:1>
6:130:183:1145:1184:1185:1186:1187:1>
3:04:06:07:08:09:010:130:031:032:033:034:035:183:0102:1145:0147:1148:1184:0185:0186:0187:0>
6:130:1102:0147:0>
3:14:16:030:031:1>
6:130:183:1145:1151:1153:1184:1>
3:04:06:07:130:031:032:183:0102:1145:0147:1148:0149:0150:0151:0152:1153:0184:0>
6:130:1102:0147:0>
3:14:16:030:031:1>
6:130:183:1145:1184:1185:1>
3:04:06:07:08:130:031:032:033:183:0102:1145:0147:1148:1184:0185:0>
6:130:1102:0147:0>
3:14:16:030:031:1>
6:130:183:1145:1184:1>
3:04:06:07:130:031:032:183:0102:1145:0147:1148:0149:1184:0>
6:130:1102:0147:0>
3:14:16:030:031:1>
6:130:183:1145:1184:1185:1186:1>
3:04:06:07:08:09:130:031:032:033:034:183:0102:1145:0147:1148:1184:0185:0186:0>
6:130:1102:0147:0>
3:14:16:030:031:1>
6:130:183:1145:1151:1184:1>
3:04:06:07:130:031:032:183:0102:1145:0147:1148:0149:0150:1151:0154:0184:0>
6:130:1102:0147:0>
3:14:16:030:031:1>
6:130:183:1145:1184:1185:1>
3:04:06:07:08:130:031:032:033:183:0102:1145:0147:1148:1184:0185:0>
6:130:1102:0147:0>
3:14:16:030:031:1>
6:130:183:1145:1184:1>
3:04:06:07:130:031:032:183:0102:1145:0147:1148:0149:1155:0184:0>
6:130:1102:0147:0>
3:14:16:030:031:1>
6:130:183:1145:1184:1185:1186:1187:1188:1>
3:04:06:07:08:09:010:011:130:031:032:033:034:035:036:183:0102:1145:0147:1148:1156:0184:0185:0186:0187:0188:0>
6:130:1102:0147:0>
3:14:16:030:031:1>
6:130:183:1145:1151:1153:1157:1184:1>
3:04:06:07:130:031:032:183:0102:1145:0147:1148:0149:0150:0151:0152:0153:0154:1155:1156:1157:0184:0>
6:130:1102:0147:0>
3:14:16:030:031:1>
6:130:183:1145:1184:1185:1>
3:04:06:07:08:130:031:032:033:183:0102:1145:0147:1148:1184:0185:0>
6:130:1102:0147:0>
3:14:16:030:031:1>
6:130:183:1145:1184:1>
3:04:06:07:130:031:032:183:0102:1145:0147:1148:0149:1184:0>
6:130:1102:0147:0>
3:14:16:030:031:1>
6:130:183:1145:1184:1185:1186:1>
3:04:06:07:08:09:130:031:032:033:034:183:0102:1145:0147:1148:1184:0185:0186:0>
6:130:1102:0147:0>
3:14:16:030:031:1>
6:130:183:1145:1151:1184:1>
3:04:06:07:130:031:032:183:0102:1145:0147:1148:0149:0150:1151:0184:0>
6:130:1102:0147:0>
3:14:16:030:031:1>
6:130:183:1145:1184:1185:1>
3:04:06:07:08:130:031:032:033:183:0102:1145:0147:1148:1184:0185:0>
6:130:1102:0147:0>
3:14:16:030:031:1>
6:130:183:1145:1184:1>
3:04:06:07:130:031:032:183:0102:1145:0147:1148:0149:1184:0>
6:130:1102:0147:0>
3:14:16:030:031:1>
6:130:183:1145:1184:1185:1186:1187:1>
3:04:06:07:08:09:010:130:031:032:033:034:035:183:0102:1145:0147:1148:1184:0185:0186:0187:0>
6:130:1102:0147:0>
3:14:16:030:031:1>
6:130:183:1145:1151:1153:1184:1>
3:04:06:07:130:031:032:183:0102:1145:0147:1148:0149:0150:0151:0152:1153:0184:0>
6:130:1102:0147:0>
3:14:16:030:031:1>
6:130:183:1145:1184:1185:1>
3:04:06:07:08:130:031:032:033:183:0102:1145:0147:1148:1184:0185:0>
6:130:1102:0147:0>
3:14:16:030:031:1>
6:130:183:1145:1184:1>
3:04:06:07:130:031:032:183:0102:1145:0147:1148:0149:1184:0>
6:130:1102:0147:0>
3:14:16:030:031:1>
6:130:183:1145:1184:1185:1186:1>
3:04:06:07:08:09:130:031:032:033:034:183:0102:1145:0147:1148:1184:0185:0186:0>
6:130:1102:0147:0>
3:14:16:030:031:1>
6:130:183:1145:1151:1184:1>
3:04:06:07:130:031:032:183:0102:1145:0147:1148:0149:0150:1151:0154:0184:0>
6:130:1102:0147:0>
3:14:16:030:031:1>
6:130:183:1145:1184:1185:1>
3:04:06:07:08:130:031:032:033:183:0102:1145:0147:1148:1184:0185:0>
6:130:1102:0147:0>
3:14:16:030:031:1>
6:130:183:1145:1184:1>
3:04:06:07:130:031:032:183:0102:1145:0147:1148:0149:1155:0184:0>
6:130:1102:0147:0>
3:14:16:030:031:1>
6:130:183:1145:1184:1185:1186:1187:1188:1189:1190:1>
3:04:06:07:08:09:010:011:012:013:130:031:032:033:034:035:036:037:038:183:0102:1145:0147:1148:1156:0184:0185:0186:0187:0188:0189:0190:0>
6:130:1102:0147:0>
3:14:16:030:031:1>
6:130:183:1145:1151:1153:1157:1184:1>
3:04:06:07:130:031:032:183:0102:1145:0147:1148:0149:0150:0151:0152:0153:0154:1155:1156:1157:0184:0>
6:130:1102:0147:0>
3:14:16:030:031:1>
6:130:183:1145:1184:1185:1>
3:04:06:07:08:130:031:032:033:183:0102:1145:0147:1148:1184:0185:0>
6:130:1102:0147:0>
3:14:16:030:031:1>
6:130:183:1145:1184:1>
3:04:06:07:130:031:032:183:0102:1145:0147:1148:0149:1184:0>
6:130:1102:0147:0>
3:14:16:030:031:1>
6:130:183:1145:1184:1185:1186:1>
3:04:06:07:08:09:130:031:032:033:034:183:0102:1145:0147:1148:1184:0185:0186:0>
6:130:1102:0147:0>
3:14:16:030:031:1>
6:130:183:1145:1151:1184:1>
3:04:06:07:130:031:032:183:0102:1145:0147:1148:0149:0150:1151:0184:0>
6:130:1102:0147:0>
3:14:16:030:031:1>
6:130:183:1145:1184:1185:1>
3:04:06:07:08:130:031:032:033:183:0102:1145:0147:1148:1184:0185:0>
6:130:1102:0147:0>
3:14:16:030:031:1>
6:130:183:1145:1184:1>
3:04:06:07:130:031:032:183:0102:1145:0147:1148:0149:1184:0>
6:130:1102:0147:0>
3:14:16:030:031:1>
6:130:183:1145:1184:1185:1186:1187:1>
3:04:06:07:08:09:010:130:031:032:033:034:035:183:0102:1145:0147:1148:1184:0185:0186:0187:0>
6:130:1102:0147:0>
3:14:16:030:031:1>
6:130:183:1145:1151:1153:1184:1>
3:04:06:07:130:031:032:183:0102:1145:0147:1148:0149:0150:0151:0152:1153:0184:0>
6:130:1102:0147:0>
3:14:16:030:031:1>
6:130:183:1145:1184:1185:1>
3:04:06:07:08:130:031:032:033:183:0102:1145:0147:1148:1184:0185:0>
6:130:1102:0147:0>
3:14:16:030:031:1>
6:130:183:1145:1184:1>
3:04:06:07:130:031:032:183:0102:1145:0147:1148:0149:1184:0>
6:130:1102:0147:0>
3:14:16:030:031:1>
6:130:183:1145:1184:1185:1186:1>
3:04:06:07:08:09:130:031:032:033:034:183:0102:1145:0147:1148:1184:0185:0186:0>
6:130:1102:0147:0>
3:14:16:030:031:1>
6:130:183:1145:1151:1184:1>
3:04:06:07:130:031:032:183:0102:1145:0147:1148:0149:0150:1151:0154:0184:0>
6:130:1102:0147:0>
3:14:16:030:031:1>
6:130:183:1145:1184:1185:1>
3:04:06:07:08:130:031:032:033:183:0102:1145:0147:1148:1184:0185:0>
6:130:1102:0147:0>
3:14:16:030:031:1>
6:130:183:1145:1184:1>
3:04:06:07:130:031:032:183:0102:1145:0147:1148:0149:1155:0184:0>
6:130:1102:0147:0>
3:14:16:030:031:1>
6:130:183:1145:1184:1185:1186:1187:1188:1>
3:04:06:07:08:09:010:011:130:031:032:033:034:035:036:183:0102:1145:0147:1148:1156:0184:0185:0186:0187:0188:0>
6:130:1102:0147:0>
3:14:16:030:031:1>
6:130:183:1145:1151:1153:1157:1184:1>
3:04:06:07:130:031:032:183:0102:1145:0147:1148:0149:0150:0151:0152:0153:0154:1155:1156:1157:0184:0>
6:130:1102:0147:0>
3:14:16:030:031:1>
6:130:183:1145:1184:1185:1>
3:04:06:07:08:130:031:032:033:183:0102:1145:0147:1148:1184:0185:0>
6:130:1102:0147:0>
3:14:16:030:031:1>
6:130:183:1145:1184:1>
3:04:06:07:130:031:032:183:0102:1145:0147:1148:0149:1184:0>
6:130:1102:0147:0>
3:14:16:030:031:1>
6:130:183:1145:1184:1185:1186:1>
3:04:06:07:08:09:130:031:032:033:034:183:0102:1145:0147:1148:1184:0185:0186:0>
6:130:1102:0147:0>
3:14:16:030:031:1>
6:130:183:1145:1151:1184:1>
3:04:06:07:130:031:032:183:0102:1145:0147:1148:0149:0150:1151:0184:0>
6:130:1102:0147:0>
3:14:16:030:031:1>
6:130:183:1145:1184:1185:1>
3:04:06:07:08:130:031:032:033:183:0102:1145:0147:1148:1184:0185:0>
6:130:1102:0147:0>
3:14:16:030:031:1>
6:130:183:1145:1184:1>
3:04:06:07:130:031:032:183:0102:1145:0147:1148:0149:1184:0>
6:130:1102:0147:0>
3:14:16:030:031:1>
6:130:183:1145:1184:1185:1186:1187:1>
3:04:06:07:08:09:010:130:031:032:033:034:035:183:0102:1145:0147:1148:1184:0185:0186:0187:0>
6:130:1102:0147:0>
3:14:16:030:031:1>
6:130:183:1145:1151:1153:1184:1>
3:04:06:07:130:031:032:183:0102:1145:0147:1148:0149:0150:0151:0152:1153:0184:0>
6:130:1102:0147:0>
3:14:16:030:031:1>
6:130:183:1145:1184:1185:1>
3:04:06:07:08:130:031:032:033:183:0102:1145:0147:1148:1184:0185:0>
6:130:1102:0147:0>
3:14:16:030:031:1>
6:130:183:1145:1184:1>
3:04:06:07:130:031:032:183:0102:1145:0147:1148:0149:1184:0>
6:130:1102:0147:0>
3:14:16:030:031:1>
6:130:183:1145:1184:1185:1186:1>
3:04:06:07:08:09:130:031:032:033:034:183:0102:1145:0147:1148:1184:0185:0186:0>
6:130:1102:0147:0>
3:14:16:030:031:1>
6:130:183:1145:1151:1184:1>
3:04:06:07:130:031:032:183:0102:1145:0147:1148:0149:0150:1151:0154:0184:0>
6:130:1102:0147:0>
3:14:16:030:031:1>
6:130:183:1145:1184:1185:1>
3:04:06:07:08:130:031:032:033:183:0102:1145:0147:1148:1184:0185:0>
6:130:1102:0147:0>
3:14:16:030:031:1>
6:130:183:1145:1184:1>
3:04:06:07:130:031:032:183:0102:1145:0147:1148:0149:1155:0184:0>
6:130:1102:0147:0>
3:14:16:030:031:1>
6:130:183:1145:1184:1185:1186:1187:1188:1189:1>
3:04:06:07:08:09:010:011:012:130:031:032:033:034:035:036:037:183:0102:1145:0147:1148:1156:0184:0185:0186:0187:0188:0189:0>
6:130:1102:0147:0>
3:14:16:030:031:1>
6:130:183:1145:1151:1153:1157:1184:1>
3:04:06:07:130:031:032:183:0102:1145:0147:1148:0149:0150:0151:0152:0153:0154:1155:1156:1157:0184:0>
6:130:1102:0147:0>
3:14:16:030:031:1>
6:130:183:1145:1184:1185:1>
3:04:06:07:08:130:031:032:033:183:0102:1145:0147:1148:1184:0185:0>
6:130:1102:0147:0>
3:14:16:030:031:1>
6:130:183:1145:1184:1>
3:04:06:07:130:031:032:183:0102:1145:0147:1148:0149:1184:0>
6:130:1102:0147:0>
3:14:16:030:031:1>
6:130:183:1145:1184:1185:1186:1>
3:04:06:07:08:09:130:031:032:033:034:183:0102:1145:0147:1148:1184:0185:0186:0>
6:130:1102:0147:0>
3:14:16:030:031:1>
6:130:183:1145:1151:1184:1>
3:04:06:07:130:031:032:183:0102:1145:0147:1148:0149:0150:1151:0184:0>
6:130:1102:0147:0>
3:14:16:030:031:1>
6:130:183:1145:1184:1185:1>
3:04:06:07:08:130:031:032:033:183:0102:1145:0147:1148:1184:0185:0>
6:130:1102:0147:0>
3:14:16:030:031:1>
6:130:183:1145:1184:1>
3:04:06:07:130:031:032:183:0102:1145:0147:1148:0149:1184:0>
6:130:1102:0147:0>
3:14:16:030:031:1>
6:130:183:1145:1184:1185:1186:1187:1>
3:04:06:07:08:09:010:130:031:032:033:034:035:183:0102:1145:0147:1148:1184:0185:0186:0187:0>
6:130:1102:0147:0>
3:14:16:030:031:1>
6:130:183:1145:1151:1153:1184:1>
3:04:06:07:130:031:032:183:0102:1145:0147:1148:0149:0150:0151:0152:1153:0184:0>
6:130:1102:0147:0>
3:14:16:030:031:1>
6:130:183:1145:1184:1185:1>
3:04:06:07:08:130:031:032:033:183:0102:1145:0147:1148:1184:0185:0>
6:130:1102:0147:0>
3:14:16:030:031:1>
6:130:183:1145:1184:1>
3:04:06:07:130:031:032:183:0102:1145:0147:1148:0149:1184:0>
6:130:1102:0147:0>
3:14:16:030:031:1>
6:130:183:1145:1184:1185:1186:1>
3:04:06:07:08:09:130:031:032:033:034:183:0102:1145:0147:1148:1184:0185:0186:0>
6:130:1102:0147:0>
3:14:16:030:031:1>
6:130:183:1145:1151:1184:1>
3:04:06:07:130:031:032:183:0102:1145:0147:1148:0149:0150:1151:0154:0184:0>
6:130:1102:0147:0>
3:14:16:030:031:1>
6:130:183:1145:1184:1185:1>
3:04:06:07:08:130:031:032:033:183:0102:1145:0147:1148:1184:0185:0>
6:130:1102:0147:0>
3:14:16:030:031:1>
6:130:183:1145:1184:1>
3:04:06:07:130:031:032:183:0102:1145:0147:1148:0149:1155:0184:0>
6:130:1102:0147:0>
3:14:16:030:031:1>
6:130:183:1145:1184:1185:1186:1187:1188:1>
3:04:06:07:08:09:010:011:130:031:032:033:034:035:036:183:0102:1145:0147:1148:1156:0184:0185:0186:0187:0188:0>
6:130:1102:0147:0>
3:14:16:030:031:1>
6:130:183:1145:1151:1153:1157:1184:1>
3:04:06:07:130:031:032:183:0102:1145:0147:1148:0149:0150:0151:0152:0153:0154:1155:1156:1157:0184:0>
6:130:1102:0147:0>
3:14:16:030:031:1>
6:130:183:1145:1184:1185:1>
3:04:06:07:08:130:031:032:033:183:0102:1145:0147:1148:1184:0185:0>
6:130:1102:0147:0>
3:14:16:030:031:1>
6:130:183:1145:1184:1>
3:04:06:07:130:031:032:183:0102:1145:0147:1148:0149:1184:0>
6:130:1102:0147:0>
3:14:16:030:031:1>
6:130:183:1145:1184:1185:1186:1>
3:04:06:07:08:09:130:031:032:033:034:183:0102:1145:0147:1148:1184:0185:0186:0>
6:130:1102:0147:0>
3:14:16:030:031:1>
6:130:183:1145:1151:1184:1>
3:04:06:07:130:031:032:183:0102:1145:0147:1148:0149:0150:1151:0184:0>
6:130:1102:0147:0>
3:14:16:030:031:1>
6:130:183:1145:1184:1185:1>
3:04:06:07:08:130:031:032:033:183:0102:1145:0147:1148:1184:0185:0>
6:130:1102:0147:0>
3:14:16:030:031:1>
6:130:183:1145:1184:1>
3:04:06:07:130:031:032:183:0102:1145:0147:1148:0149:1184:0>
6:130:1102:0147:0>
3:14:16:030:031:1>
6:130:183:1145:1184:1185:1186:1187:1>
3:04:06:07:08:09:010:130:031:032:033:034:035:183:0102:1145:0147:1148:1184:0185:0186:0187:0>
6:130:1102:0147:0>
3:14:16:030:031:1>
6:130:183:1145:1151:1153:1184:1>
3:04:06:07:130:031:032:183:0102:1145:0147:1148:0149:0150:0151:0152:1153:0184:0>
6:130:1102:0147:0>
3:14:16:030:031:1>
6:130:183:1145:1184:1185:1>
3:04:06:07:08:130:031:032:033:183:0102:1145:0147:1148:1184:0185:0>
6:130:1102:0147:0>
3:14:16:030:031:1>
6:130:183:1145:1184:1>
3:04:06:07:130:031:032:183:0102:1145:0147:1148:0149:1184:0>
6:130:1102:0147:0>
3:14:16:030:031:1>
6:130:183:1145:1184:1185:1186:1>
3:04:06:07:08:09:130:031:032:033:034:183:0102:1145:0147:1148:1184:0185:0186:0>
6:130:1102:0147:0>
3:14:16:030:031:1>
6:130:183:1145:1151:1184:1>
3:04:06:07:130:031:032:183:0102:1145:0147:1148:0149:0150:1151:0154:0184:0>
6:130:1102:0147:0>
3:14:16:030:031:1>
6:130:183:1145:1184:1185:1>
3:04:06:07:08:130:031:032:033:183:0102:1145:0147:1148:1184:0185:0>
6:130:1102:0147:0>
3:14:16:030:031:1>
6:130:183:1145:1184:1>
3:04:06:07:130:031:032:183:0102:1145:0147:1148:0149:1155:0184:0>
6:130:1102:0147:0>
3:14:16:030:031:1>
6:130:183:1145:1184:1185:1186:1187:1188:1189:1190:1191:1192:1193:1>
3:04:06:07:08:09:010:011:012:013:014:015:016:130:031:032:033:034:035:036:037:038:039:040:041:183:0102:1145:0147:1148:1156:0184:0185:0186:0187:0188:0189:0190:0191:0192:0193:0>
6:130:1102:0147:0>
3:14:16:030:031:1>
6:130:183:1145:1151:1153:1157:1184:1>
3:04:06:07:130:031:032:183:0102:1145:0147:1148:0149:0150:0151:0152:0153:0154:1155:1156:1157:0184:0>
6:130:1102:0147:0>
3:14:16:030:031:1>
6:130:183:1145:1184:1185:1>
3:04:06:07:08:130:031:032:033:183:0102:1145:0147:1148:1184:0185:0>
6:130:1102:0147:0>
3:14:16:030:031:1>
6:130:183:1145:1184:1>
3:04:06:07:130:031:032:183:0102:1145:0147:1148:0149:1184:0>
6:130:1102:0147:0>
3:14:16:030:031:1>
6:130:183:1145:1184:1185:1186:1>
3:04:06:07:08:09:130:031:032:033:034:183:0102:1145:0147:1148:1184:0185:0186:0>
6:130:1102:0147:0>
3:14:16:030:031:1>
6:130:183:1145:1151:1184:1>
3:04:06:07:130:031:032:183:0102:1145:0147:1148:0149:0150:1151:0184:0>
6:130:1102:0147:0>
3:14:16:030:031:1>
6:130:183:1145:1184:1185:1>
3:04:06:07:08:130:031:032:033:183:0102:1145:0147:1148:1184:0185:0>
6:130:1102:0147:0>
3:14:16:030:031:1>
6:130:183:1145:1184:1>
3:04:06:07:130:031:032:183:0102:1145:0147:1148:0149:1184:0>
6:130:1102:0147:0>
3:14:16:030:031:1>
6:130:183:1145:1184:1185:1186:1187:1>
3:04:06:07:08:09:010:130:031:032:033:034:035:183:0102:1145:0147:1148:1184:0185:0186:0187:0>
6:130:1102:0147:0>
3:14:16:030:031:1>
6:130:183:1145:1151:1153:1184:1>
3:04:06:07:130:031:032:183:0102:1145:0147:1148:0149:0150:0151:0152:1153:0184:0>
6:130:1102:0147:0>
3:14:16:030:031:1>
6:130:183:1145:1184:1185:1>
3:04:06:07:08:130:031:032:033:183:0102:1145:0147:1148:1184:0185:0>
6:130:1102:0147:0>
3:14:16:030:031:1>
6:130:183:1145:1184:1>
3:04:06:07:130:031:032:183:0102:1145:0147:1148:0149:1184:0>
6:130:1102:0147:0>
3:14:16:030:031:1>
6:130:183:1145:1184:1185:1186:1>
3:04:06:07:08:09:130:031:032:033:034:183:0102:1145:0147:1148:1184:0185:0186:0>
6:130:1102:0147:0>
3:14:16:030:031:1>
6:130:183:1145:1151:1184:1>
3:04:06:07:130:031:032:183:0102:1145:0147:1148:0149:0150:1151:0154:0184:0>
6:130:1102:0147:0>
3:14:16:030:031:1>
6:130:183:1145:1184:1185:1>
3:04:06:07:08:130:031:032:033:183:0102:1145:0147:1148:1184:0185:0>
6:130:1102:0147:0>
3:14:16:030:031:1>
6:130:183:1145:1184:1>
3:04:06:07:130:031:032:183:0102:1145:0147:1148:0149:1155:0184:0>
6:130:1102:0147:0>
3:14:16:030:031:1>
6:130:183:1145:1184:1185:1186:1187:1188:1>
3:04:06:07:08:09:010:011:130:031:032:033:034:035:036:183:0102:1145:0147:1148:1156:0184:0185:0186:0187:0188:0>
6:130:1102:0147:0>
3:14:16:030:031:1>
6:130:183:1145:1151:1153:1157:1184:1>
3:04:06:07:130:031:032:183:0102:1145:0147:1148:0149:0150:0151:0152:0153:0154:1155:1156:1157:0184:0>
6:130:1102:0147:0>
3:14:16:030:031:1>
6:130:183:1145:1184:1185:1>
3:04:06:07:08:130:031:032:033:183:0102:1145:0147:1148:1184:0185:0>
6:130:1102:0147:0>
3:14:16:030:031:1>
6:130:183:1145:1184:1>
3:04:06:07:130:031:032:183:0102:1145:0147:1148:0149:1184:0>
6:130:1102:0147:0>
3:14:16:030:031:1>
6:130:183:1145:1184:1185:1186:1>
3:04:06:07:08:09:130:031:032:033:034:183:0102:1145:0147:1148:1184:0185:0186:0>
6:130:1102:0147:0>
3:14:16:030:031:1>
6:130:183:1145:1151:1184:1>
3:04:06:07:130:031:032:183:0102:1145:0147:1148:0149:0150:1151:0184:0>
6:130:1102:0147:0>
3:14:16:030:031:1>
6:130:183:1145:1184:1185:1>
3:04:06:07:08:130:031:032:033:183:0102:1145:0147:1148:1184:0185:0>
6:130:1102:0147:0>
3:14:16:030:031:1>
6:130:183:1145:1184:1>
3:04:06:07:130:031:032:183:0102:1145:0147:1148:0149:1184:0>
6:130:1102:0147:0>
3:14:16:030:031:1>
6:130:183:1145:1184:1185:1186:1187:1>
3:04:06:07:08:09:010:130:031:032:033:034:035:183:0102:1145:0147:1148:1184:0185:0186:0187:0>
6:130:1102:0147:0>
3:14:16:030:031:1>
6:130:183:1145:1151:1153:1184:1>
3:04:06:07:130:031:032:183:0102:1145:0147:1148:0149:0150:0151:0152:1153:0184:0>
6:130:1102:0147:0>
3:14:16:030:031:1>
6:130:183:1145:1184:1185:1>
3:04:06:07:08:130:031:032:033:183:0102:1145:0147:1148:1184:0185:0>
6:130:1102:0147:0>
3:14:16:030:031:1>
6:130:183:1145:1184:1>
3:04:06:07:130:031:032:183:0102:1145:0147:1148:0149:1184:0>
6:130:1102:0147:0>
3:14:16:030:031:1>
6:130:183:1145:1184:1185:1186:1>
3:04:06:07:08:09:130:031:032:033:034:183:0102:1145:0147:1148:1184:0185:0186:0>
6:130:1102:0147:0>
3:14:16:030:031:1>
6:130:183:1145:1151:1184:1>
3:04:06:07:130:031:032:183:0102:1145:0147:1148:0149:0150:1151:0154:0184:0>
6:130:1102:0147:0>
3:14:16:030:031:1>
6:130:183:1145:1184:1185:1>
3:04:06:07:08:130:031:032:033:183:0102:1145:0147:1148:1184:0185:0>
6:130:1102:0147:0>
3:14:16:030:031:1>
6:130:183:1145:1184:1>
3:04:06:07:130:031:032:183:0102:1145:0147:1148:0149:1155:0184:0>
6:130:1102:0147:0>
3:14:16:030:031:1>
6:130:183:1145:1184:1185:1186:1187:1188:1189:1>
3:04:06:07:08:09:010:011:012:130:031:032:033:034:035:036:037:183:0102:1145:0147:1148:1156:0184:0185:0186:0187:0188:0189:0>
6:130:1102:0147:0>
3:14:16:030:031:1>
6:130:183:1145:1151:1153:1157:1184:1>
3:04:06:07:130:031:032:183:0102:1145:0147:1148:0149:0150:0151:0152:0153:0154:1155:1156:1157:0184:0>
6:130:1102:0147:0>
3:14:16:030:031:1>
6:130:183:1145:1184:1185:1>
3:04:06:07:08:130:031:032:033:183:0102:1145:0147:1148:1184:0185:0>
6:130:1102:0147:0>
3:14:16:030:031:1>
6:130:183:1145:1184:1>
3:04:06:07:130:031:032:183:0102:1145:0147:1148:0149:1184:0>
6:130:1102:0147:0>
3:14:16:030:031:1>
6:130:183:1145:1184:1185:1186:1>
3:04:06:07:08:09:130:031:032:033:034:183:0102:1145:0147:1148:1184:0185:0186:0>
6:130:1102:0147:0>
3:14:16:030:031:1>
6:130:183:1145:1151:1184:1>
3:04:06:07:130:031:032:183:0102:1145:0147:1148:0149:0150:1151:0184:0>
6:130:1102:0147:0>
3:14:16:030:031:1>
6:130:183:1145:1184:1185:1>
3:04:06:07:08:130:031:032:033:183:0102:1145:0147:1148:1184:0185:0>
6:130:1102:0147:0>
3:14:16:030:031:1>
6:130:183:1145:1184:1>
3:04:06:07:130:031:032:183:0102:1145:0147:1148:0149:1184:0>
6:130:1102:0147:0>
3:14:16:030:031:1>
6:130:183:1145:1184:1185:1186:1187:1>
3:04:06:07:08:09:010:130:031:032:033:034:035:183:0102:1145:0147:1148:1184:0185:0186:0187:0>
6:130:1102:0147:0>
3:14:16:030:031:1>
6:130:183:1145:1151:1153:1184:1>
3:04:06:07:130:031:032:183:0102:1145:0147:1148:0149:0150:0151:0152:1153:0184:0>
6:130:1102:0147:0>
3:14:16:030:031:1>
6:130:183:1145:1184:1185:1>
3:04:06:07:08:130:031:032:033:183:0102:1145:0147:1148:1184:0185:0>
6:130:1102:0147:0>
3:14:16:030:031:1>
6:130:183:1145:1184:1>
3:04:06:07:130:031:032:183:0102:1145:0147:1148:0149:1184:0>
6:130:1102:0147:0>
3:14:16:030:031:1>
6:130:183:1145:1184:1185:1186:1>
3:04:06:07:08:09:130:031:032:033:034:183:0102:1145:0147:1148:1184:0185:0186:0>
6:130:1102:0147:0>
3:14:16:030:031:1>
6:130:183:1145:1151:1184:1>
3:04:06:07:130:031:032:183:0102:1145:0147:1148:0149:0150:1151:0154:0184:0>
6:130:1102:0147:0>
3:14:16:030:031:1>
6:130:183:1145:1184:1185:1>
3:04:06:07:08:130:031:032:033:183:0102:1145:0147:1148:1184:0185:0>
6:130:1102:0147:0>
3:14:16:030:031:1>
6:130:183:1145:1184:1>
3:04:06:07:130:031:032:183:0102:1145:0147:1148:0149:1155:0184:0>
6:130:1102:0147:0>
3:14:16:030:031:1>
6:130:183:1145:1184:1185:1186:1187:1188:1>
3:04:06:07:08:09:010:011:130:031:032:033:034:035:036:183:0102:1145:0147:1148:1156:0184:0185:0186:0187:0188:0>
6:130:1102:0147:0>
3:14:16:030:031:1>
6:130:183:1145:1151:1153:1157:1184:1>
3:04:06:07:130:031:032:183:0102:1145:0147:1148:0149:0150:0151:0152:0153:0154:1155:1156:1157:0184:0>
6:130:1102:0147:0>
3:14:16:030:031:1>
6:130:183:1145:1184:1185:1>
3:04:06:07:08:130:031:032:033:183:0102:1145:0147:1148:1184:0185:0>
6:130:1102:0147:0>
3:14:16:030:031:1>
6:130:183:1145:1184:1>
3:04:06:07:130:031:032:183:0102:1145:0147:1148:0149:1184:0>
6:130:1102:0147:0>
3:14:16:030:031:1>
6:130:183:1145:1184:1185:1186:1>
3:04:06:07:08:09:130:031:032:033:034:183:0102:1145:0147:1148:1184:0185:0186:0>
6:130:1102:0147:0>
3:14:16:030:031:1>
6:130:183:1145:1151:1184:1>
3:04:06:07:130:031:032:183:0102:1145:0147:1148:0149:0150:1151:0184:0>
6:130:1102:0147:0>
3:14:16:030:031:1>
6:130:183:1145:1184:1185:1>
3:04:06:07:08:130:031:032:033:183:0102:1145:0147:1148:1184:0185:0>
6:130:1102:0147:0>
3:14:16:030:031:1>
6:130:183:1145:1184:1>
3:04:06:07:130:031:032:183:0102:1145:0147:1148:0149:1184:0>
6:130:1102:0147:0>
3:14:16:030:031:1>
6:130:183:1145:1184:1185:1186:1187:1>
3:04:06:07:08:09:010:130:031:032:033:034:035:183:0102:1145:0147:1148:1184:0185:0186:0187:0>
6:130:1102:0147:0>
3:14:16:030:031:1>
6:130:183:1145:1151:1153:1184:1>
3:04:06:07:130:031:032:183:0102:1145:0147:1148:0149:0150:0151:0152:1153:0184:0>
6:130:1102:0147:0>
3:14:16:030:031:1>
6:130:183:1145:1184:1185:1>
3:04:06:07:08:130:031:032:033:183:0102:1145:0147:1148:1184:0185:0>
6:130:1102:0147:0>
3:14:16:030:031:1>
6:130:183:1145:1184:1>
3:04:06:07:130:031:032:183:0102:1145:0147:1148:0149:1184:0>
6:130:1102:0147:0>
3:14:16:030:031:1>
6:130:183:1145:1184:1185:1186:1>
3:04:06:07:08:09:130:031:032:033:034:183:0102:1145:0147:1148:1184:0185:0186:0>
6:130:1102:0147:0>
3:14:16:030:031:1>
6:130:183:1145:1151:1184:1>
3:04:06:07:130:031:032:183:0102:1145:0147:1148:0149:0150:1151:0154:0184:0>
6:130:1102:0147:0>
3:14:16:030:031:1>
6:130:183:1145:1184:1185:1>
3:04:06:07:08:130:031:032:033:183:0102:1145:0147:1148:1184:0185:0>
6:130:1102:0147:0>
3:14:16:030:031:1>
6:130:183:1145:1184:1>
3:04:06:07:130:031:032:183:0102:1145:0147:1148:0149:1155:0184:0>
6:130:1102:0147:0>
3:14:16:030:031:1>
6:130:183:1145:1184:1185:1186:1187:1188:1189:1190:1>
3:04:06:07:08:09:010:011:012:013:130:031:032:033:034:035:036:037:038:183:0102:1145:0147:1148:1156:0184:0185:0186:0187:0188:0189:0190:0>
6:130:1102:0147:0>
3:14:16:030:031:1>
6:130:183:1145:1151:1153:1157:1184:1>
3:04:06:07:130:031:032:183:0102:1145:0147:1148:0149:0150:0151:0152:0153:0154:1155:1156:1157:0184:0>
6:130:1102:0147:0>
3:14:16:030:031:1>
6:130:183:1145:1184:1185:1>
3:04:06:07:08:130:031:032:033:183:0102:1145:0147:1148:1184:0185:0>
6:130:1102:0147:0>
3:14:16:030:031:1>
6:130:183:1145:1184:1>
3:04:06:07:130:031:032:183:0102:1145:0147:1148:0149:1184:0>
6:130:1102:0147:0>
3:14:16:030:031:1>
6:130:183:1145:1184:1185:1186:1>
3:04:06:07:08:09:130:031:032:033:034:183:0102:1145:0147:1148:1184:0185:0186:0>
6:130:1102:0147:0>
3:14:16:030:031:1>
6:130:183:1145:1151:1184:1>
3:04:06:07:130:031:032:183:0102:1145:0147:1148:0149:0150:1151:0184:0>
6:130:1102:0147:0>
3:14:16:030:031:1>
6:130:183:1145:1184:1185:1>
3:04:06:07:08:130:031:032:033:183:0102:1145:0147:1148:1184:0185:0>
6:130:1102:0147:0>
3:14:16:030:031:1>
6:130:183:1145:1184:1>
3:04:06:07:130:031:032:183:0102:1145:0147:1148:0149:1184:0>
6:130:1102:0147:0>
3:14:16:030:031:1>
6:130:183:1145:1184:1185:1186:1187:1>
3:04:06:07:08:09:010:130:031:032:033:034:035:183:0102:1145:0147:1148:1184:0185:0186:0187:0>
6:130:1102:0147:0>
3:14:16:030:031:1>
6:130:183:1145:1151:1153:1184:1>
3:04:06:07:130:031:032:183:0102:1145:0147:1148:0149:0150:0151:0152:1153:0184:0>
6:130:1102:0147:0>
3:14:16:030:031:1>
6:130:183:1145:1184:1185:1>
3:04:06:07:08:130:031:032:033:183:0102:1145:0147:1148:1184:0185:0>
6:130:1102:0147:0>
3:14:16:030:031:1>
6:130:183:1145:1184:1>
3:04:06:07:130:031:032:183:0102:1145:0147:1148:0149:1184:0>
6:130:1102:0147:0>
3:14:16:030:031:1>
6:130:183:1145:1184:1185:1186:1>
3:04:06:07:08:09:130:031:032:033:034:183:0102:1145:0147:1148:1184:0185:0186:0>
6:130:1102:0147:0>
3:14:16:030:031:1>
6:130:183:1145:1151:1184:1>
3:04:06:07:130:031:032:183:0102:1145:0147:1148:0149:0150:1151:0154:0184:0>
6:130:1102:0147:0>
3:14:16:030:031:1>
6:130:183:1145:1184:1185:1>
3:04:06:07:08:130:031:032:033:183:0102:1145:0147:1148:1184:0185:0>
6:130:1102:0147:0>
3:14:16:030:031:1>
6:130:183:1145:1184:1>
3:04:06:07:130:031:032:183:0102:1145:0147:1148:0149:1155:0184:0>
6:130:1102:0147:0>
3:14:16:030:031:1>
6:130:183:1145:1184:1185:1186:1187:1188:1>
3:04:06:07:08:09:010:011:130:031:032:033:034:035:036:183:0102:1145:0147:1148:1156:0184:0185:0186:0187:0188:0>
6:130:1102:0147:0>
3:14:16:030:031:1>
6:130:183:1145:1151:1153:1157:1184:1>
3:04:06:07:130:031:032:183:0102:1145:0147:1148:0149:0150:0151:0152:0153:0154:1155:1156:1157:0184:0>
6:130:1102:0147:0>
3:14:16:030:031:1>
6:130:183:1145:1184:1185:1>
3:04:06:07:08:130:031:032:033:183:0102:1145:0147:1148:1184:0185:0>
6:130:1102:0147:0>
3:14:16:030:031:1>
6:130:183:1145:1184:1>
3:04:06:07:130:031:032:183:0102:1145:0147:1148:0149:1184:0>
6:130:1102:0147:0>
3:14:16:030:031:1>
6:130:183:1145:1184:1185:1186:1>
3:04:06:07:08:09:130:031:032:033:034:183:0102:1145:0147:1148:1184:0185:0186:0>
6:130:1102:0147:0>
3:14:16:030:031:1>
6:130:183:1145:1151:1184:1>
3:04:06:07:130:031:032:183:0102:1145:0147:1148:0149:0150:1151:0184:0>
6:130:1102:0147:0>
3:14:16:030:031:1>
6:130:183:1145:1184:1185:1>
3:04:06:07:08:130:031:032:033:183:0102:1145:0147:1148:1184:0185:0>
6:130:1102:0147:0>
3:14:16:030:031:1>
6:130:183:1145:1184:1>
3:04:06:07:130:031:032:183:0102:1145:0147:1148:0149:1184:0>
6:130:1102:0147:0>
3:14:16:030:031:1>
6:130:183:1145:1184:1185:1186:1187:1>
3:04:06:07:08:09:010:130:031:032:033:034:035:183:0102:1145:0147:1148:1184:0185:0186:0187:0>
6:130:1102:0147:0>
3:14:16:030:031:1>
6:130:183:1145:1151:1153:1184:1>
3:04:06:07:130:031:032:183:0102:1145:0147:1148:0149:0150:0151:0152:1153:0184:0>
6:130:1102:0147:0>
3:14:16:030:031:1>
6:130:183:1145:1184:1185:1>
3:04:06:07:08:130:031:032:033:183:0102:1145:0147:1148:1184:0185:0>
6:130:1102:0147:0>
3:14:16:030:031:1>
6:130:183:1145:1184:1>
3:04:06:07:130:031:032:183:0102:1145:0147:1148:0149:1184:0>
6:130:1102:0147:0>
3:14:16:030:031:1>
6:130:183:1145:1184:1185:1186:1>
3:04:06:07:08:09:130:031:032:033:034:183:0102:1145:0147:1148:1184:0185:0186:0>
6:130:1102:0147:0>
3:14:16:030:031:1>
6:130:183:1145:1151:1184:1>
3:04:06:07:130:031:032:183:0102:1145:0147:1148:0149:0150:1151:0154:0184:0>
6:130:1102:0147:0>
3:14:16:030:031:1>
6:130:183:1145:1184:1185:1>
3:04:06:07:08:130:031:032:033:183:0102:1145:0147:1148:1184:0185:0>
6:130:1102:0147:0>
3:14:16:030:031:1>
6:130:183:1145:1184:1>
3:04:06:07:130:031:032:183:0102:1145:0147:1148:0149:1155:0184:0>
6:130:1102:0147:0>
3:14:16:030:031:1>
6:130:183:1145:1184:1185:1186:1187:1188:1189:1>
3:04:06:07:08:09:010:011:012:130:031:032:033:034:035:036:037:183:0102:1145:0147:1148:1156:0184:0185:0186:0187:0188:0189:0>
6:130:1102:0147:0>
3:14:16:030:031:1>
6:130:183:1145:1151:1153:1157:1184:1>
3:04:06:07:130:031:032:183:0102:1145:0147:1148:0149:0150:0151:0152:0153:0154:1155:1156:1157:0184:0>
6:130:1102:0147:0>
3:14:16:030:031:1>
6:130:183:1145:1184:1185:1>
3:04:06:07:08:130:031:032:033:183:0102:1145:0147:1148:1184:0185:0>
6:130:1102:0147:0>
3:14:16:030:031:1>
6:130:183:1145:1184:1>
3:04:06:07:130:031:032:183:0102:1145:0147:1148:0149:1184:0>
6:130:1102:0147:0>
3:14:16:030:031:1>
6:130:183:1145:1184:1185:1186:1>
3:04:06:07:08:09:130:031:032:033:034:183:0102:1145:0147:1148:1184:0185:0186:0>
6:130:1102:0147:0>
3:14:16:030:031:1>
6:130:183:1145:1151:1184:1>
3:04:06:07:130:031:032:183:0102:1145:0147:1148:0149:0150:1151:0184:0>
6:130:1102:0147:0>
3:14:16:030:031:1>
6:130:183:1145:1184:1185:1>
3:04:06:07:08:130:031:032:033:183:0102:1145:0147:1148:1184:0185:0>
6:130:1102:0147:0>
3:14:16:030:031:1>
6:130:183:1145:1184:1>
3:04:06:07:130:031:032:183:0102:1145:0147:1148:0149:1184:0>
6:130:1102:0147:0>
3:14:16:030:031:1>
6:130:183:1145:1184:1185:1186:1187:1>
3:04:06:07:08:09:010:130:031:032:033:034:035:183:0102:1145:0147:1148:1184:0185:0186:0187:0>
6:130:1102:0147:0>
3:14:16:030:031:1>
6:130:183:1145:1151:1153:1184:1>
3:04:06:07:130:031:032:183:0102:1145:0147:1148:0149:0150:0151:0152:1153:0184:0>
6:130:1102:0147:0>
3:14:16:030:031:1>
6:130:183:1145:1184:1185:1>
3:04:06:07:08:130:031:032:033:183:0102:1145:0147:1148:1184:0185:0>
6:130:1102:0147:0>
3:14:16:030:031:1>
6:130:183:1145:1184:1>
3:04:06:07:130:031:032:183:0102:1145:0147:1148:0149:1184:0>
6:130:1102:0147:0>
3:14:16:030:031:1>
6:130:183:1145:1184:1185:1186:1>
3:04:06:07:08:09:130:031:032:033:034:183:0102:1145:0147:1148:1184:0185:0186:0>
6:130:1102:0147:0>
3:14:16:030:031:1>
6:130:183:1145:1151:1184:1>
3:04:06:07:130:031:032:183:0102:1145:0147:1148:0149:0150:1151:0154:0184:0>
6:130:1102:0147:0>
3:14:16:030:031:1>
6:130:183:1145:1184:1185:1>
3:04:06:07:08:130:031:032:033:183:0102:1145:0147:1148:1184:0185:0>
6:130:1102:0147:0>
3:14:16:030:031:1>
6:130:183:1145:1184:1>
3:04:06:07:130:031:032:183:0102:1145:0147:1148:0149:1155:0184:0>
6:130:1102:0147:0>
3:14:16:030:031:1>
6:130:183:1145:1184:1185:1186:1187:1188:1>
3:04:06:07:08:09:010:011:130:031:032:033:034:035:036:183:0102:1145:0147:1148:1156:0184:0185:0186:0187:0188:0>
6:130:1102:0147:0>
3:14:16:030:031:1>
6:130:183:1145:1151:1153:1157:1184:1>
3:04:06:07:130:031:032:183:0102:1145:0147:1148:0149:0150:0151:0152:0153:0154:1155:1156:1157:0184:0>
6:130:1102:0147:0>
3:14:16:030:031:1>
6:130:183:1145:1184:1185:1>
3:04:06:07:08:130:031:032:033:183:0102:1145:0147:1148:1184:0185:0>
6:130:1102:0147:0>
3:14:16:030:031:1>
6:130:183:1145:1184:1>
3:04:06:07:130:031:032:183:0102:1145:0147:1148:0149:1184:0>
6:130:1102:0147:0>
3:14:16:030:031:1>
6:130:183:1145:1184:1185:1186:1>
3:04:06:07:08:09:130:031:032:033:034:183:0102:1145:0147:1148:1184:0185:0186:0>
6:130:1102:0147:0>
3:14:16:030:031:1>
6:130:183:1145:1151:1184:1>
3:04:06:07:130:031:032:183:0102:1145:0147:1148:0149:0150:1151:0184:0>
6:130:1102:0147:0>
3:14:16:030:031:1>
6:130:183:1145:1184:1185:1>
3:04:06:07:08:130:031:032:033:183:0102:1145:0147:1148:1184:0185:0>
6:130:1102:0147:0>
3:14:16:030:031:1>
6:130:183:1145:1184:1>
3:04:06:07:130:031:032:183:0102:1145:0147:1148:0149:1184:0>
6:130:1102:0147:0>
3:14:16:030:031:1>
6:130:183:1145:1184:1185:1186:1187:1>
3:04:06:07:08:09:010:130:031:032:033:034:035:183:0102:1145:0147:1148:1184:0185:0186:0187:0>
6:130:1102:0147:0>
3:14:16:030:031:1>
6:130:183:1145:1151:1153:1184:1>
3:04:06:07:130:031:032:183:0102:1145:0147:1148:0149:0150:0151:0152:1153:0184:0>
6:130:1102:0147:0>
3:14:16:030:031:1>
6:130:183:1145:1184:1185:1>
3:04:06:07:08:130:031:032:033:183:0102:1145:0147:1148:1184:0185:0>
6:130:1102:0147:0>
3:14:16:030:031:1>
6:130:183:1145:1184:1>
3:04:06:07:130:031:032:183:0102:1145:0147:1148:0149:1184:0>
6:130:1102:0147:0>
3:14:16:030:031:1>
6:130:183:1145:1184:1185:1186:1>
3:04:06:07:08:09:130:031:032:033:034:183:0102:1145:0147:1148:1184:0185:0186:0>
6:130:1102:0147:0>
3:14:16:030:031:1>
6:130:183:1145:1151:1184:1>
3:04:06:07:130:031:032:183:0102:1145:0147:1148:0149:0150:1151:0154:0184:0>
6:130:1102:0147:0>
3:14:16:030:031:1>
6:130:183:1145:1184:1185:1>
3:04:06:07:08:130:031:032:033:183:0102:1145:0147:1148:1184:0185:0>
6:130:1102:0147:0>
3:14:16:030:031:1>
6:130:183:1145:1184:1>
3:04:06:07:130:031:032:183:0102:1145:0147:1148:0149:1155:0184:0>
6:130:1102:0147:0>
3:14:16:030:031:1>
6:130:183:1145:1184:1185:1186:1187:1188:1189:1190:1191:1>
3:04:06:07:08:09:010:011:012:013:014:130:031:032:033:034:035:036:037:038:039:183:0102:1145:0147:1148:1156:0184:0185:0186:0187:0188:0189:0190:0191:0>
6:130:1102:0147:0>
3:14:16:030:031:1>
6:130:183:1145:1151:1153:1157:1184:1>
3:04:06:07:130:031:032:183:0102:1145:0147:1148:0149:0150:0151:0152:0153:0154:1155:1156:1157:0184:0>
6:130:1102:0147:0>
3:14:16:030:031:1>
6:130:183:1145:1184:1185:1>
3:04:06:07:08:130:031:032:033:183:0102:1145:0147:1148:1184:0185:0>
6:130:1102:0147:0>
3:14:16:030:031:1>
6:130:183:1145:1184:1>
3:04:06:07:130:031:032:183:0102:1145:0147:1148:0149:1184:0>
6:130:1102:0147:0>
3:14:16:030:031:1>
6:130:183:1145:1184:1185:1186:1>
3:04:06:07:08:09:130:031:032:033:034:183:0102:1145:0147:1148:1184:0185:0186:0>
6:130:1102:0147:0>
3:14:16:030:031:1>
6:130:183:1145:1151:1184:1>
3:04:06:07:130:031:032:183:0102:1145:0147:1148:0149:0150:1151:0184:0>
6:130:1102:0147:0>
3:14:16:030:031:1>
6:130:183:1145:1184:1185:1>
3:04:06:07:08:130:031:032:033:183:0102:1145:0147:1148:1184:0185:0>
6:130:1102:0147:0>
3:14:16:030:031:1>
6:130:183:1145:1184:1>
3:04:06:07:130:031:032:183:0102:1145:0147:1148:0149:1184:0>
6:130:1102:0147:0>
3:14:16:030:031:1>
6:130:183:1145:1184:1185:1186:1187:1>
3:04:06:07:08:09:010:130:031:032:033:034:035:183:0102:1145:0147:1148:1184:0185:0186:0187:0>
6:130:1102:0147:0>
3:14:16:030:031:1>
6:130:183:1145:1151:1153:1184:1>
3:04:06:07:130:031:032:183:0102:1145:0147:1148:0149:0150:0151:0152:1153:0184:0>
6:130:1102:0147:0>
3:14:16:030:031:1>
6:130:183:1145:1184:1185:1>
3:04:06:07:08:130:031:032:033:183:0102:1145:0147:1148:1184:0185:0>
6:130:1102:0147:0>
3:14:16:030:031:1>
6:130:183:1145:1184:1>
3:04:06:07:130:031:032:183:0102:1145:0147:1148:0149:1184:0>
6:130:1102:0147:0>
3:14:16:030:031:1>
6:130:183:1145:1184:1185:1186:1>
3:04:06:07:08:09:130:031:032:033:034:183:0102:1145:0147:1148:1184:0185:0186:0>
6:130:1102:0147:0>
3:14:16:030:031:1>
6:130:183:1145:1151:1184:1>
3:04:06:07:130:031:032:183:0102:1145:0147:1148:0149:0150:1151:0154:0184:0>
6:130:1102:0147:0>
3:14:16:030:031:1>
6:130:183:1145:1184:1185:1>
3:04:06:07:08:130:031:032:033:183:0102:1145:0147:1148:1184:0185:0>
6:130:1102:0147:0>
3:14:16:030:031:1>
6:130:183:1145:1184:1>
3:04:06:07:130:031:032:183:0102:1145:0147:1148:0149:1155:0184:0>
6:130:1102:0147:0>
3:14:16:030:031:1>
6:130:183:1145:1184:1185:1186:1187:1188:1>
3:04:06:07:08:09:010:011:130:031:032:033:034:035:036:183:0102:1145:0147:1148:1156:0184:0185:0186:0187:0188:0>
6:130:1102:0147:0>
3:14:16:030:031:1>
6:130:183:1145:1151:1153:1157:1184:1>
3:04:06:07:130:031:032:183:0102:1145:0147:1148:0149:0150:0151:0152:0153:0154:1155:1156:1157:0184:0>
6:130:1102:0147:0>
3:14:16:030:031:1>
6:130:183:1145:1184:1185:1>
3:04:06:07:08:130:031:032:033:183:0102:1145:0147:1148:1184:0185:0>
6:130:1102:0147:0>
3:14:16:030:031:1>
6:130:183:1145:1184:1>
3:04:06:07:130:031:032:183:0102:1145:0147:1148:0149:1184:0>
6:130:1102:0147:0>
3:14:16:030:031:1>
6:130:183:1145:1184:1185:1186:1>
3:04:06:07:08:09:130:031:032:033:034:183:0102:1145:0147:1148:1184:0185:0186:0>
6:130:1102:0147:0>
3:14:16:030:031:1>
6:130:183:1145:1151:1184:1>
3:04:06:07:130:031:032:183:0102:1145:0147:1148:0149:0150:1151:0184:0>
6:130:1102:0147:0>
3:14:16:030:031:1>
6:130:183:1145:1184:1185:1>
3:04:06:07:08:130:031:032:033:183:0102:1145:0147:1148:1184:0185:0>
6:130:1102:0147:0>
3:14:16:030:031:1>
6:130:183:1145:1184:1>
3:04:06:07:130:031:032:183:0102:1145:0147:1148:0149:1184:0>
6:130:1102:0147:0>
3:14:16:030:031:1>
6:130:183:1145:1184:1185:1186:1187:1>
3:04:06:07:08:09:010:130:031:032:033:034:035:183:0102:1145:0147:1148:1184:0185:0186:0187:0>
6:130:1102:0147:0>
3:14:16:030:031:1>
6:130:183:1145:1151:1153:1184:1>
3:04:06:07:130:031:032:183:0102:1145:0147:1148:0149:0150:0151:0152:1153:0184:0>
6:130:1102:0147:0>
3:14:16:030:031:1>
6:130:183:1145:1184:1185:1>
3:04:06:07:08:130:031:032:033:183:0102:1145:0147:1148:1184:0185:0>
6:130:1102:0147:0>
3:14:16:030:031:1>
6:130:183:1145:1184:1>
3:04:06:07:130:031:032:183:0102:1145:0147:1148:0149:1184:0>
6:130:1102:0147:0>
3:14:16:030:031:1>
6:130:183:1145:1184:1185:1186:1>
3:04:06:07:08:09:130:031:032:033:034:183:0102:1145:0147:1148:1184:0185:0186:0>
6:130:1102:0147:0>
3:14:16:030:031:1>
6:130:183:1145:1151:1184:1>
3:04:06:07:130:031:032:183:0102:1145:0147:1148:0149:0150:1151:0154:0184:0>
6:130:1102:0147:0>
3:14:16:030:031:1>
6:130:183:1145:1184:1185:1>
3:04:06:07:08:130:031:032:033:183:0102:1145:0147:1148:1184:0185:0>
6:130:1102:0147:0>
3:14:16:030:031:1>
6:130:183:1145:1184:1>
3:04:06:07:130:031:032:183:0102:1145:0147:1148:0149:1155:0184:0>
6:130:1102:0147:0>
3:14:16:030:031:1>
6:130:183:1145:1184:1185:1186:1187:1188:1189:1>
3:04:06:07:08:09:010:011:012:130:031:032:033:034:035:036:037:183:0102:1145:0147:1148:1156:0184:0185:0186:0187:0188:0189:0>
6:130:1102:0147:0>
3:14:16:030:031:1>
6:130:183:1145:1151:1153:1157:1184:1>
3:04:06:07:130:031:032:183:0102:1145:0147:1148:0149:0150:0151:0152:0153:0154:1155:1156:1157:0184:0>
6:130:1102:0147:0>
3:14:16:030:031:1>
6:130:183:1145:1184:1185:1>
3:04:06:07:08:130:031:032:033:183:0102:1145:0147:1148:1184:0185:0>
6:130:1102:0147:0>
3:14:16:030:031:1>
6:130:183:1145:1184:1>
3:04:06:07:130:031:032:183:0102:1145:0147:1148:0149:1184:0>
6:130:1102:0147:0>
3:14:16:030:031:1>
6:130:183:1145:1184:1185:1186:1>
3:04:06:07:08:09:130:031:032:033:034:183:0102:1145:0147:1148:1184:0185:0186:0>
6:130:1102:0147:0>
3:14:16:030:031:1>
6:130:183:1145:1151:1184:1>
3:04:06:07:130:031:032:183:0102:1145:0147:1148:0149:0150:1151:0184:0>
6:130:1102:0147:0>
3:14:16:030:031:1>
6:130:183:1145:1184:1185:1>
3:04:06:07:08:130:031:032:033:183:0102:1145:0147:1148:1184:0185:0>
6:130:1102:0147:0>
3:14:16:030:031:1>
6:130:183:1145:1184:1>
3:04:06:07:130:031:032:183:0102:1145:0147:1148:0149:1184:0>
6:130:1102:0147:0>
3:14:16:030:031:1>
6:130:183:1145:1184:1185:1186:1187:1>
3:04:06:07:08:09:010:130:031:032:033:034:035:183:0102:1145:0147:1148:1184:0185:0186:0187:0>
6:130:1102:0147:0>
3:14:16:030:031:1>
6:130:183:1145:1151:1153:1184:1>
3:04:06:07:130:031:032:183:0102:1145:0147:1148:0149:0150:0151:0152:1153:0184:0>
6:130:1102:0147:0>
3:14:16:030:031:1>
6:130:183:1145:1184:1185:1>
3:04:06:07:08:130:031:032:033:183:0102:1145:0147:1148:1184:0185:0>
6:130:1102:0147:0>
3:14:16:030:031:1>
6:130:183:1145:1184:1>
3:04:06:07:130:031:032:183:0102:1145:0147:1148:0149:1184:0>
6:130:1102:0147:0>
3:14:16:030:031:1>
6:130:183:1145:1184:1185:1186:1>
3:04:06:07:08:09:130:031:032:033:034:183:0102:1145:0147:1148:1184:0185:0186:0>
6:130:1102:0147:0>
3:14:16:030:031:1>
6:130:183:1145:1151:1184:1>
3:04:06:07:130:031:032:183:0102:1145:0147:1148:0149:0150:1151:0154:0184:0>
6:130:1102:0147:0>
3:14:16:030:031:1>
6:130:183:1145:1184:1185:1>
3:04:06:07:08:130:031:032:033:183:0102:1145:0147:1148:1184:0185:0>
6:130:1102:0147:0>
3:14:16:030:031:1>
6:130:183:1145:1184:1>
3:04:06:07:130:031:032:183:0102:1145:0147:1148:0149:1155:0184:0>
6:130:1102:0147:0>
3:14:16:030:031:1>
6:130:183:1145:1184:1185:1186:1187:1188:1>
3:04:06:07:08:09:010:011:130:031:032:033:034:035:036:183:0102:1145:0147:1148:1156:0184:0185:0186:0187:0188:0>
6:130:1102:0147:0>
3:14:16:030:031:1>
6:130:183:1145:1151:1153:1157:1184:1>
3:04:06:07:130:031:032:183:0102:1145:0147:1148:0149:0150:0151:0152:0153:0154:1155:1156:1157:0184:0>
6:130:1102:0147:0>
3:14:16:030:031:1>
6:130:183:1145:1184:1185:1>
3:04:06:07:08:130:031:032:033:183:0102:1145:0147:1148:1184:0185:0>
6:130:1102:0147:0>
3:14:16:030:031:1>
6:130:183:1145:1184:1>
3:04:06:07:130:031:032:183:0102:1145:0147:1148:0149:1184:0>
6:130:1102:0147:0>
3:14:16:030:031:1>
6:130:183:1145:1184:1185:1186:1>
3:04:06:07:08:09:130:031:032:033:034:183:0102:1145:0147:1148:1184:0185:0186:0>
6:130:1102:0147:0>
3:14:16:030:031:1>
6:130:183:1145:1151:1184:1>
3:04:06:07:130:031:032:183:0102:1145:0147:1148:0149:0150:1151:0184:0>
6:130:1102:0147:0>
3:14:16:030:031:1>
6:130:183:1145:1184:1185:1>
3:04:06:07:08:130:031:032:033:183:0102:1145:0147:1148:1184:0185:0>
6:130:1102:0147:0>
3:14:16:030:031:1>
6:130:183:1145:1184:1>
3:04:06:07:130:031:032:183:0102:1145:0147:1148:0149:1184:0>
6:130:1102:0147:0>
3:14:16:030:031:1>
6:130:183:1145:1184:1185:1186:1187:1>
3:04:06:07:08:09:010:130:031:032:033:034:035:183:0102:1145:0147:1148:1184:0185:0186:0187:0>
6:130:1102:0147:0>
3:14:16:030:031:1>
6:130:183:1145:1151:1153:1184:1>
3:04:06:07:130:031:032:183:0102:1145:0147:1148:0149:0150:0151:0152:1153:0184:0>
6:130:1102:0147:0>
3:14:16:030:031:1>
6:130:183:1145:1184:1185:1>
3:04:06:07:08:130:031:032:033:183:0102:1145:0147:1148:1184:0185:0>
6:130:1102:0147:0>
3:14:16:030:031:1>
6:130:183:1145:1184:1>
3:04:06:07:130:031:032:183:0102:1145:0147:1148:0149:1184:0>
6:130:1102:0147:0>
3:14:16:030:031:1>
6:130:183:1145:1184:1185:1186:1>
3:04:06:07:08:09:130:031:032:033:034:183:0102:1145:0147:1148:1184:0185:0186:0>
6:130:1102:0147:0>
3:14:16:030:031:1>
6:130:183:1145:1151:1184:1>
3:04:06:07:130:031:032:183:0102:1145:0147:1148:0149:0150:1151:0154:0184:0>
6:130:1102:0147:0>
3:14:16:030:031:1>
6:130:183:1145:1184:1185:1>
3:04:06:07:08:130:031:032:033:183:0102:1145:0147:1148:1184:0185:0>
6:130:1102:0147:0>
3:14:16:030:031:1>
6:130:183:1145:1184:1>
3:04:06:07:130:031:032:183:0102:1145:0147:1148:0149:1155:0184:0>
6:130:1102:0147:0>
3:14:16:030:031:1>
6:130:183:1145:1184:1185:1186:1187:1188:1189:1190:1>
3:04:06:07:08:09:010:011:012:013:130:031:032:033:034:035:036:037:038:183:0102:1145:0147:1148:1156:0184:0185:0186:0187:0188:0189:0190:0>
6:130:1102:0147:0>
3:14:16:030:031:1>
6:130:183:1145:1151:1153:1157:1184:1>
3:04:06:07:130:031:032:183:0102:1145:0147:1148:0149:0150:0151:0152:0153:0154:1155:1156:1157:0184:0>
6:130:1102:0147:0>
3:14:16:030:031:1>
6:130:183:1145:1184:1185:1>
3:04:06:07:08:130:031:032:033:183:0102:1145:0147:1148:1184:0185:0>
6:130:1102:0147:0>
3:14:16:030:031:1>
6:130:183:1145:1184:1>
3:04:06:07:130:031:032:183:0102:1145:0147:1148:0149:1184:0>
6:130:1102:0147:0>
3:14:16:030:031:1>
6:130:183:1145:1184:1185:1186:1>
3:04:06:07:08:09:130:031:032:033:034:183:0102:1145:0147:1148:1184:0185:0186:0>
6:130:1102:0147:0>
3:14:16:030:031:1>
6:130:183:1145:1151:1184:1>
3:04:06:07:130:031:032:183:0102:1145:0147:1148:0149:0150:1151:0184:0>
6:130:1102:0147:0>
3:14:16:030:031:1>
6:130:183:1145:1184:1185:1>
3:04:06:07:08:130:031:032:033:183:0102:1145:0147:1148:1184:0185:0>
6:130:1102:0147:0>
3:14:16:030:031:1>
6:130:183:1145:1184:1>
3:04:06:07:130:031:032:183:0102:1145:0147:1148:0149:1184:0>
6:130:1102:0147:0>
3:14:16:030:031:1>
6:130:183:1145:1184:1185:1186:1187:1>
3:04:06:07:08:09:010:130:031:032:033:034:035:183:0102:1145:0147:1148:1184:0185:0186:0187:0>
6:130:1102:0147:0>
3:14:16:030:031:1>
6:130:183:1145:1151:1153:1184:1>
3:04:06:07:130:031:032:183:0102:1145:0147:1148:0149:0150:0151:0152:1153:0184:0>
6:130:1102:0147:0>
3:14:16:030:031:1>
6:130:183:1145:1184:1185:1>
3:04:06:07:08:130:031:032:033:183:0102:1145:0147:1148:1184:0185:0>
6:130:1102:0147:0>
3:14:16:030:031:1>
6:130:183:1145:1184:1>
3:04:06:07:130:031:032:183:0102:1145:0147:1148:0149:1184:0>
6:130:1102:0147:0>
3:14:16:030:031:1>
6:130:183:1145:1184:1185:1186:1>
3:04:06:07:08:09:130:031:032:033:034:183:0102:1145:0147:1148:1184:0185:0186:0>
6:130:1102:0147:0>
3:14:16:030:031:1>
6:130:183:1145:1151:1184:1>
3:04:06:07:130:031:032:183:0102:1145:0147:1148:0149:0150:1151:0154:0184:0>
6:130:1102:0147:0>
3:14:16:030:031:1>
6:130:183:1145:1184:1185:1>
3:04:06:07:08:130:031:032:033:183:0102:1145:0147:1148:1184:0185:0>
6:130:1102:0147:0>
3:14:16:030:031:1>
6:130:183:1145:1184:1>
3:04:06:07:130:031:032:183:0102:1145:0147:1148:0149:1155:0184:0>
6:130:1102:0147:0>
3:14:16:030:031:1>
6:130:183:1145:1184:1185:1186:1187:1188:1>
3:04:06:07:08:09:010:011:130:031:032:033:034:035:036:183:0102:1145:0147:1148:1156:0184:0185:0186:0187:0188:0>
6:130:1102:0147:0>
3:14:16:030:031:1>
6:130:183:1145:1151:1153:1157:1184:1>
3:04:06:07:130:031:032:183:0102:1145:0147:1148:0149:0150:0151:0152:0153:0154:1155:1156:1157:0184:0>
6:130:1102:0147:0>
3:14:16:030:031:1>
6:130:183:1145:1184:1185:1>
3:04:06:07:08:130:031:032:033:183:0102:1145:0147:1148:1184:0185:0>
6:130:1102:0147:0>
3:14:16:030:031:1>
6:130:183:1145:1184:1>
3:04:06:07:130:031:032:183:0102:1145:0147:1148:0149:1184:0>
6:130:1102:0147:0>
3:14:16:030:031:1>
6:130:183:1145:1184:1185:1186:1>
3:04:06:07:08:09:130:031:032:033:034:183:0102:1145:0147:1148:1184:0185:0186:0>
6:130:1102:0147:0>
3:14:16:030:031:1>
6:130:183:1145:1151:1184:1>
3:04:06:07:130:031:032:183:0102:1145:0147:1148:0149:0150:1151:0184:0>
6:130:1102:0147:0>
3:14:16:030:031:1>
6:130:183:1145:1184:1185:1>
3:04:06:07:08:130:031:032:033:183:0102:1145:0147:1148:1184:0185:0>
6:130:1102:0147:0>
3:14:16:030:031:1>
6:130:183:1145:1184:1>
3:04:06:07:130:031:032:183:0102:1145:0147:1148:0149:1184:0>
6:130:1102:0147:0>
3:14:16:030:031:1>
6:130:183:1145:1184:1185:1186:1187:1>
3:04:06:07:08:09:010:130:031:032:033:034:035:183:0102:1145:0147:1148:1184:0185:0186:0187:0>
6:130:1102:0147:0>
3:14:16:030:031:1>
6:130:183:1145:1151:1153:1184:1>
3:04:06:07:130:031:032:183:0102:1145:0147:1148:0149:0150:0151:0152:1153:0184:0>
6:130:1102:0147:0>
3:14:16:030:031:1>
6:130:183:1145:1184:1185:1>
3:04:06:07:08:130:031:032:033:183:0102:1145:0147:1148:1184:0185:0>
6:130:1102:0147:0>
3:14:16:030:031:1>
6:130:183:1145:1184:1>
3:04:06:07:130:031:032:183:0102:1145:0147:1148:0149:1184:0>
6:130:1102:0147:0>
3:14:16:030:031:1>
6:130:183:1145:1184:1185:1186:1>
3:04:06:07:08:09:130:031:032:033:034:183:0102:1145:0147:1148:1184:0185:0186:0>
6:130:1102:0147:0>
3:14:16:030:031:1>
6:130:183:1145:1151:1184:1>
3:04:06:07:130:031:032:183:0102:1145:0147:1148:0149:0150:1151:0154:0184:0>
6:130:1102:0147:0>
3:14:16:030:031:1>
6:130:183:1145:1184:1185:1>
3:04:06:07:08:130:031:032:033:183:0102:1145:0147:1148:1184:0185:0>
6:130:1102:0147:0>
3:14:16:030:031:1>
6:130:183:1145:1184:1>
3:04:06:07:130:031:032:183:0102:1145:0147:1148:0149:1155:0184:0>
6:130:1102:0147:0>
3:14:16:030:031:1>
6:130:183:1145:1184:1185:1186:1187:1188:1189:1>
3:04:06:07:08:09:010:011:012:130:031:032:033:034:035:036:037:183:0102:1145:0147:1148:1156:0184:0185:0186:0187:0188:0189:0>
6:130:1102:0147:0>
3:14:16:030:031:1>
6:130:183:1145:1151:1153:1157:1184:1>
3:04:06:07:130:031:032:183:0102:1145:0147:1148:0149:0150:0151:0152:0153:0154:1155:1156:1157:0184:0>
6:130:1102:0147:0>
3:14:16:030:031:1>
6:130:183:1145:1184:1185:1>
3:04:06:07:08:130:031:032:033:183:0102:1145:0147:1148:1184:0185:0>
6:130:1102:0147:0>
3:14:16:030:031:1>
6:130:183:1145:1184:1>
3:04:06:07:130:031:032:183:0102:1145:0147:1148:0149:1184:0>
6:130:1102:0147:0>
3:14:16:030:031:1>
6:130:183:1145:1184:1185:1186:1>
3:04:06:07:08:09:130:031:032:033:034:183:0102:1145:0147:1148:1184:0185:0186:0>
6:130:1102:0147:0>
3:14:16:030:031:1>
6:130:183:1145:1151:1184:1>
3:04:06:07:130:031:032:183:0102:1145:0147:1148:0149:0150:1151:0184:0>
6:130:1102:0147:0>
3:14:16:030:031:1>
6:130:183:1145:1184:1185:1>
3:04:06:07:08:130:031:032:033:183:0102:1145:0147:1148:1184:0185:0>
6:130:1102:0147:0>
3:14:16:030:031:1>
6:130:183:1145:1184:1>
3:04:06:07:130:031:032:183:0102:1145:0147:1148:0149:1184:0>
6:130:1102:0147:0>
3:14:16:030:031:1>
6:130:183:1145:1184:1185:1186:1187:1>
3:04:06:07:08:09:010:130:031:032:033:034:035:183:0102:1145:0147:1148:1184:0185:0186:0187:0>
6:130:1102:0147:0>
3:14:16:030:031:1>
6:130:183:1145:1151:1153:1184:1>
3:04:06:07:130:031:032:183:0102:1145:0147:1148:0149:0150:0151:0152:1153:0184:0>
6:130:1102:0147:0>
3:14:16:030:031:1>
6:130:183:1145:1184:1185:1>
3:04:06:07:08:130:031:032:033:183:0102:1145:0147:1148:1184:0185:0>
6:130:1102:0147:0>
3:14:16:030:031:1>
6:130:183:1145:1184:1>
3:04:06:07:130:031:032:183:0102:1145:0147:1148:0149:1184:0>
6:130:1102:0147:0>
3:14:16:030:031:1>
6:130:183:1145:1184:1185:1186:1>
3:04:06:07:08:09:130:031:032:033:034:183:0102:1145:0147:1148:1184:0185:0186:0>
6:130:1102:0147:0>
3:14:16:030:031:1>
6:130:183:1145:1151:1184:1>
3:04:06:07:130:031:032:183:0102:1145:0147:1148:0149:0150:1151:0154:0184:0>
6:130:1102:0147:0>
3:14:16:030:031:1>
6:130:183:1145:1184:1185:1>
3:04:06:07:08:130:031:032:033:183:0102:1145:0147:1148:1184:0185:0>
6:130:1102:0147:0>
3:14:16:030:031:1>
6:130:183:1145:1184:1>
3:04:06:07:130:031:032:183:0102:1145:0147:1148:0149:1155:0184:0>
6:130:1102:0147:0>
3:14:16:030:031:1>
6:130:183:1145:1184:1185:1186:1187:1188:1>
3:04:06:07:08:09:010:011:130:031:032:033:034:035:036:183:0102:1145:0147:1148:1156:0184:0185:0186:0187:0188:0>
6:130:1102:0147:0>
3:14:16:030:031:1>
6:130:183:1145:1151:1153:1157:1184:1>
3:04:06:07:130:031:032:183:0102:1145:0147:1148:0149:0150:0151:0152:0153:0154:1155:1156:1157:0184:0>
6:130:1102:0147:0>
3:14:16:030:031:1>
6:130:183:1145:1184:1185:1>
3:04:06:07:08:130:031:032:033:183:0102:1145:0147:1148:1184:0185:0>
6:130:1102:0147:0>
3:14:16:030:031:1>
6:130:183:1145:1184:1>
3:04:06:07:130:031:032:183:0102:1145:0147:1148:0149:1184:0>
6:130:1102:0147:0>
3:14:16:030:031:1>
6:130:183:1145:1184:1185:1186:1>
3:04:06:07:08:09:130:031:032:033:034:183:0102:1145:0147:1148:1184:0185:0186:0>
6:130:1102:0147:0>
3:14:16:030:031:1>
6:130:183:1145:1151:1184:1>
3:04:06:07:130:031:032:183:0102:1145:0147:1148:0149:0150:1151:0184:0>
6:130:1102:0147:0>
3:14:16:030:031:1>
6:130:183:1145:1184:1185:1>
3:04:06:07:08:130:031:032:033:183:0102:1145:0147:1148:1184:0185:0>
6:130:1102:0147:0>
3:14:16:030:031:1>
6:130:183:1145:1184:1>
3:04:06:07:130:031:032:183:0102:1145:0147:1148:0149:1184:0>
6:130:1102:0147:0>
3:14:16:030:031:1>
6:130:183:1145:1184:1185:1186:1187:1>
3:04:06:07:08:09:010:130:031:032:033:034:035:183:0102:1145:0147:1148:1184:0185:0186:0187:0>
6:130:1102:0147:0>
3:14:16:030:031:1>
6:130:183:1145:1151:1153:1184:1>
3:04:06:07:130:031:032:183:0102:1145:0147:1148:0149:0150:0151:0152:1153:0184:0>
6:130:1102:0147:0>
3:14:16:030:031:1>
6:130:183:1145:1184:1185:1>
3:04:06:07:08:130:031:032:033:183:0102:1145:0147:1148:1184:0185:0>
6:130:1102:0147:0>
3:14:16:030:031:1>
6:130:183:1145:1184:1>
3:04:06:07:130:031:032:183:0102:1145:0147:1148:0149:1184:0>
6:130:1102:0147:0>
3:14:16:030:031:1>
6:130:183:1145:1184:1185:1186:1>
3:04:06:07:08:09:130:031:032:033:034:183:0102:1145:0147:1148:1184:0185:0186:0>
6:130:1102:0147:0>
3:14:16:030:031:1>
6:130:183:1145:1151:1184:1>
3:04:06:07:130:031:032:183:0102:1145:0147:1148:0149:0150:1151:0154:0184:0>
6:130:1102:0147:0>
3:14:16:030:031:1>
6:130:183:1145:1184:1185:1>
3:04:06:07:08:130:031:032:033:183:0102:1145:0147:1148:1184:0185:0>
6:130:1102:0147:0>
3:14:16:030:031:1>
6:130:183:1145:1184:1>
3:04:06:07:130:031:032:183:0102:1145:0147:1148:0149:1155:0184:0>
6:130:1102:0147:0>
3:14:16:030:031:1>
6:130:183:1145:1184:1185:1186:1187:1188:1189:1190:1191:1192:1>
3:04:06:07:08:09:010:011:012:013:014:015:130:031:032:033:034:035:036:037:038:039:040:183:0102:1145:0147:1148:1156:0184:0185:0186:0187:0188:0189:0190:0191:0192:0>
6:130:1102:0147:0>
3:14:16:030:031:1>
6:130:183:1145:1151:1153:1157:1184:1>
3:04:06:07:130:031:032:183:0102:1145:0147:1148:0149:0150:0151:0152:0153:0154:1155:1156:1157:0184:0>
6:130:1102:0147:0>
3:14:16:030:031:1>
6:130:183:1145:1184:1185:1>
3:04:06:07:08:130:031:032:033:183:0102:1145:0147:1148:1184:0185:0>
6:130:1102:0147:0>
3:14:16:030:031:1>
6:130:183:1145:1184:1>
3:04:06:07:130:031:032:183:0102:1145:0147:1148:0149:1184:0>
6:130:1102:0147:0>
3:14:16:030:031:1>
6:130:183:1145:1184:1185:1186:1>
3:04:06:07:08:09:130:031:032:033:034:183:0102:1145:0147:1148:1184:0185:0186:0>
6:130:1102:0147:0>
3:14:16:030:031:1>
6:130:183:1145:1151:1184:1>
3:04:06:07:130:031:032:183:0102:1145:0147:1148:0149:0150:1151:0184:0>
6:130:1102:0147:0>
3:14:16:030:031:1>
6:130:183:1145:1184:1185:1>
3:04:06:07:08:130:031:032:033:183:0102:1145:0147:1148:1184:0185:0>
6:130:1102:0147:0>
3:14:16:030:031:1>
6:130:183:1145:1184:1>
3:04:06:07:130:031:032:183:0102:1145:0147:1148:0149:1184:0>
6:130:1102:0147:0>
3:14:16:030:031:1>
6:130:183:1145:1184:1185:1186:1187:1>
3:04:06:07:08:09:010:130:031:032:033:034:035:183:0102:1145:0147:1148:1184:0185:0186:0187:0>
6:130:1102:0147:0>
3:14:16:030:031:1>
6:130:183:1145:1151:1153:1184:1>
3:04:06:07:130:031:032:183:0102:1145:0147:1148:0149:0150:0151:0152:1153:0184:0>
6:130:1102:0147:0>
3:14:16:030:031:1>
6:130:183:1145:1184:1185:1>
3:04:06:07:08:130:031:032:033:183:0102:1145:0147:1148:1184:0185:0>
6:130:1102:0147:0>
3:14:16:030:031:1>
6:130:183:1145:1184:1>
3:04:06:07:130:031:032:183:0102:1145:0147:1148:0149:1184:0>
6:130:1102:0147:0>
3:14:16:030:031:1>
6:130:183:1145:1184:1185:1186:1>
3:04:06:07:08:09:130:031:032:033:034:183:0102:1145:0147:1148:1184:0185:0186:0>
6:130:1102:0147:0>
3:14:16:030:031:1>
6:130:183:1145:1151:1184:1>
3:04:06:07:130:031:032:183:0102:1145:0147:1148:0149:0150:1151:0154:0184:0>
6:130:1102:0147:0>
3:14:16:030:031:1>
6:130:183:1145:1184:1185:1>
3:04:06:07:08:130:031:032:033:183:0102:1145:0147:1148:1184:0185:0>
6:130:1102:0147:0>
3:14:16:030:031:1>
6:130:183:1145:1184:1>
3:04:06:07:130:031:032:183:0102:1145:0147:1148:0149:1155:0184:0>
6:130:1102:0147:0>
3:14:16:030:031:1>
6:130:183:1145:1184:1185:1186:1187:1188:1>
3:04:06:07:08:09:010:011:130:031:032:033:034:035:036:183:0102:1145:0147:1148:1156:0184:0185:0186:0187:0188:0>
6:130:1102:0147:0>
3:14:16:030:031:1>
6:130:183:1145:1151:1153:1157:1184:1>
3:04:06:07:130:031:032:183:0102:1145:0147:1148:0149:0150:0151:0152:0153:0154:1155:1156:1157:0184:0>
6:130:1102:0147:0>
3:14:16:030:031:1>
6:130:183:1145:1184:1185:1>
3:04:06:07:08:130:031:032:033:183:0102:1145:0147:1148:1184:0185:0>
6:130:1102:0147:0>
3:14:16:030:031:1>
6:130:183:1145:1184:1>
3:04:06:07:130:031:032:183:0102:1145:0147:1148:0149:1184:0>
6:130:1102:0147:0>
3:14:16:030:031:1>
6:130:183:1145:1184:1185:1186:1>
3:04:06:07:08:09:130:031:032:033:034:183:0102:1145:0147:1148:1184:0185:0186:0>
6:130:1102:0147:0>
3:14:16:030:031:1>
6:130:183:1145:1151:1184:1>
3:04:06:07:130:031:032:183:0102:1145:0147:1148:0149:0150:1151:0184:0>
6:130:1102:0147:0>
3:14:16:030:031:1>
6:130:183:1145:1184:1185:1>
3:04:06:07:08:130:031:032:033:183:0102:1145:0147:1148:1184:0185:0>
6:130:1102:0147:0>
3:14:16:030:031:1>
6:130:183:1145:1184:1>
3:04:06:07:130:031:032:183:0102:1145:0147:1148:0149:1184:0>
6:130:1102:0147:0>
3:14:16:030:031:1>
6:130:183:1145:1184:1185:1186:1187:1>
3:04:06:07:08:09:010:130:031:032:033:034:035:183:0102:1145:0147:1148:1184:0185:0186:0187:0>
6:130:1102:0147:0>
3:14:16:030:031:1>
6:130:183:1145:1151:1153:1184:1>
3:04:06:07:130:031:032:183:0102:1145:0147:1148:0149:0150:0151:0152:1153:0184:0>
6:130:1102:0147:0>
3:14:16:030:031:1>
6:130:183:1145:1184:1185:1>
3:04:06:07:08:130:031:032:033:183:0102:1145:0147:1148:1184:0185:0>
6:130:1102:0147:0>
3:14:16:030:031:1>
6:130:183:1145:1184:1>
3:04:06:07:130:031:032:183:0102:1145:0147:1148:0149:1184:0>
6:130:1102:0147:0>
3:14:16:030:031:1>
6:130:183:1145:1184:1185:1186:1>
3:04:06:07:08:09:130:031:032:033:034:183:0102:1145:0147:1148:1184:0185:0186:0>
6:130:1102:0147:0>
3:14:16:030:031:1>
6:130:183:1145:1151:1184:1>
3:04:06:07:130:031:032:183:0102:1145:0147:1148:0149:0150:1151:0154:0184:0>
6:130:1102:0147:0>
3:14:16:030:031:1>
6:130:183:1145:1184:1185:1>
3:04:06:07:08:130:031:032:033:183:0102:1145:0147:1148:1184:0185:0>
6:130:1102:0147:0>
3:14:16:030:031:1>
6:130:183:1145:1184:1>
3:04:06:07:130:031:032:183:0102:1145:0147:1148:0149:1155:0184:0>
6:130:1102:0147:0>
3:14:16:030:031:1>
6:130:183:1145:1184:1185:1186:1187:1188:1189:1>
3:04:06:07:08:09:010:011:012:130:031:032:033:034:035:036:037:183:0102:1145:0147:1148:1156:0184:0185:0186:0187:0188:0189:0>
6:130:1102:0147:0>
3:14:16:030:031:1>
6:130:183:1145:1151:1153:1157:1184:1>
3:04:06:07:130:031:032:183:0102:1145:0147:1148:0149:0150:0151:0152:0153:0154:1155:1156:1157:0184:0>
6:130:1102:0147:0>
3:14:16:030:031:1>
6:130:183:1145:1184:1185:1>
3:04:06:07:08:130:031:032:033:183:0102:1145:0147:1148:1184:0185:0>
6:130:1102:0147:0>
3:14:16:030:031:1>
6:130:183:1145:1184:1>
3:04:06:07:130:031:032:183:0102:1145:0147:1148:0149:1184:0>
6:130:1102:0147:0>
3:14:16:030:031:1>
6:130:183:1145:1184:1185:1186:1>
3:04:06:07:08:09:130:031:032:033:034:183:0102:1145:0147:1148:1184:0185:0186:0>
6:130:1102:0147:0>
3:14:16:030:031:1>
6:130:183:1145:1151:1184:1>
3:04:06:07:130:031:032:183:0102:1145:0147:1148:0149:0150:1151:0184:0>
6:130:1102:0147:0>
3:14:16:030:031:1>
6:130:183:1145:1184:1185:1>
3:04:06:07:08:130:031:032:033:183:0102:1145:0147:1148:1184:0185:0>
6:130:1102:0147:0>
3:14:16:030:031:1>
6:130:183:1145:1184:1>
3:04:06:07:130:031:032:183:0102:1145:0147:1148:0149:1184:0>
6:130:1102:0147:0>
3:14:16:030:031:1>
6:130:183:1145:1184:1185:1186:1187:1>
3:04:06:07:08:09:010:130:031:032:033:034:035:183:0102:1145:0147:1148:1184:0185:0186:0187:0>
6:130:1102:0147:0>
3:14:16:030:031:1>
6:130:183:1145:1151:1153:1184:1>
3:04:06:07:130:031:032:183:0102:1145:0147:1148:0149:0150:0151:0152:1153:0184:0>
6:130:1102:0147:0>
3:14:16:030:031:1>
6:130:183:1145:1184:1185:1>
3:04:06:07:08:130:031:032:033:183:0102:1145:0147:1148:1184:0185:0>
6:130:1102:0147:0>
3:14:16:030:031:1>
6:130:183:1145:1184:1>
3:04:06:07:130:031:032:183:0102:1145:0147:1148:0149:1184:0>
6:130:1102:0147:0>
3:14:16:030:031:1>
6:130:183:1145:1184:1185:1186:1>
3:04:06:07:08:09:130:031:032:033:034:183:0102:1145:0147:1148:1184:0185:0186:0>
6:130:1102:0147:0>
3:14:16:030:031:1>
6:130:183:1145:1151:1184:1>
3:04:06:07:130:031:032:183:0102:1145:0147:1148:0149:0150:1151:0154:0184:0>
6:130:1102:0147:0>
3:14:16:030:031:1>
6:130:183:1145:1184:1185:1>
3:04:06:07:08:130:031:032:033:183:0102:1145:0147:1148:1184:0185:0>
6:130:1102:0147:0>
3:14:16:030:031:1>
6:130:183:1145:1184:1>
3:04:06:07:130:031:032:183:0102:1145:0147:1148:0149:1155:0184:0>
6:130:1102:0147:0>
3:14:16:030:031:1>
6:130:183:1145:1184:1185:1186:1187:1188:1>
3:04:06:07:08:09:010:011:130:031:032:033:034:035:036:183:0102:1145:0147:1148:1156:0184:0185:0186:0187:0188:0>
6:130:1102:0147:0>
3:14:16:030:031:1>
6:130:183:1145:1151:1153:1157:1184:1>
3:04:06:07:130:031:032:183:0102:1145:0147:1148:0149:0150:0151:0152:0153:0154:1155:1156:1157:0184:0>
6:130:1102:0147:0>
3:14:16:030:031:1>
6:130:183:1145:1184:1185:1>
3:04:06:07:08:130:031:032:033:183:0102:1145:0147:1148:1184:0185:0>
6:130:1102:0147:0>
3:14:16:030:031:1>
6:130:183:1145:1184:1>
3:04:06:07:130:031:032:183:0102:1145:0147:1148:0149:1184:0>
6:130:1102:0147:0>
3:14:16:030:031:1>
6:130:183:1145:1184:1185:1186:1>
3:04:06:07:08:09:130:031:032:033:034:183:0102:1145:0147:1148:1184:0185:0186:0>
6:130:1102:0147:0>
3:14:16:030:031:1>
6:130:183:1145:1151:1184:1>
3:04:06:07:130:031:032:183:0102:1145:0147:1148:0149:0150:1151:0184:0>
6:130:1102:0147:0>
3:14:16:030:031:1>
6:130:183:1145:1184:1185:1>
3:04:06:07:08:130:031:032:033:183:0102:1145:0147:1148:1184:0185:0>
6:130:1102:0147:0>
3:14:16:030:031:1>
6:130:183:1145:1184:1>
3:04:06:07:130:031:032:183:0102:1145:0147:1148:0149:1184:0>
6:130:1102:0147:0>
3:14:16:030:031:1>
6:130:183:1145:1184:1185:1186:1187:1>
3:04:06:07:08:09:010:130:031:032:033:034:035:183:0102:1145:0147:1148:1184:0185:0186:0187:0>
6:130:1102:0147:0>
3:14:16:030:031:1>
6:130:183:1145:1151:1153:1184:1>
3:04:06:07:130:031:032:183:0102:1145:0147:1148:0149:0150:0151:0152:1153:0184:0>
6:130:1102:0147:0>
3:14:16:030:031:1>
6:130:183:1145:1184:1185:1>
3:04:06:07:08:130:031:032:033:183:0102:1145:0147:1148:1184:0185:0>
6:130:1102:0147:0>
3:14:16:030:031:1>
6:130:183:1145:1184:1>
3:04:06:07:130:031:032:183:0102:1145:0147:1148:0149:1184:0>
6:130:1102:0147:0>
3:14:16:030:031:1>
6:130:183:1145:1184:1185:1186:1>
3:04:06:07:08:09:130:031:032:033:034:183:0102:1145:0147:1148:1184:0185:0186:0>
6:130:1102:0147:0>
3:14:16:030:031:1>
6:130:183:1145:1151:1184:1>
3:04:06:07:130:031:032:183:0102:1145:0147:1148:0149:0150:1151:0154:0184:0>
6:130:1102:0147:0>
3:14:16:030:031:1>
6:130:183:1145:1184:1185:1>
3:04:06:07:08:130:031:032:033:183:0102:1145:0147:1148:1184:0185:0>
6:130:1102:0147:0>
3:14:16:030:031:1>
6:130:183:1145:1184:1>
3:04:06:07:130:031:032:183:0102:1145:0147:1148:0149:1155:0184:0>
6:130:1102:0147:0>
3:14:16:030:031:1>
6:130:183:1145:1184:1185:1186:1187:1188:1189:1190:1>
3:04:06:07:08:09:010:011:012:013:130:031:032:033:034:035:036:037:038:183:0102:1145:0147:1148:1156:0184:0185:0186:0187:0188:0189:0190:0>
6:130:1102:0147:0>
3:14:16:030:031:1>
6:130:183:1145:1151:1153:1157:1184:1>
3:04:06:07:130:031:032:183:0102:1145:0147:1148:0149:0150:0151:0152:0153:0154:1155:1156:1157:0184:0>
6:130:1102:0147:0>
3:14:16:030:031:1>
6:130:183:1145:1184:1185:1>
3:04:06:07:08:130:031:032:033:183:0102:1145:0147:1148:1184:0185:0>
6:130:1102:0147:0>
3:14:16:030:031:1>
6:130:183:1145:1184:1>
3:04:06:07:130:031:032:183:0102:1145:0147:1148:0149:1184:0>
6:130:1102:0147:0>
3:14:16:030:031:1>
6:130:183:1145:1184:1185:1186:1>
3:04:06:07:08:09:130:031:032:033:034:183:0102:1145:0147:1148:1184:0185:0186:0>
6:130:1102:0147:0>
3:14:16:030:031:1>
6:130:183:1145:1151:1184:1>
3:04:06:07:130:031:032:183:0102:1145:0147:1148:0149:0150:1151:0184:0>
6:130:1102:0147:0>
3:14:16:030:031:1>
6:130:183:1145:1184:1185:1>
3:04:06:07:08:130:031:032:033:183:0102:1145:0147:1148:1184:0185:0>
6:130:1102:0147:0>
3:14:16:030:031:1>
6:130:183:1145:1184:1>
3:04:06:07:130:031:032:183:0102:1145:0147:1148:0149:1184:0>
6:130:1102:0147:0>
3:14:16:030:031:1>
6:130:183:1145:1184:1185:1186:1187:1>
3:04:06:07:08:09:010:130:031:032:033:034:035:183:0102:1145:0147:1148:1184:0185:0186:0187:0>
6:130:1102:0147:0>
3:14:16:030:031:1>
6:130:183:1145:1151:1153:1184:1>
3:04:06:07:130:031:032:183:0102:1145:0147:1148:0149:0150:0151:0152:1153:0184:0>
6:130:1102:0147:0>
3:14:16:030:031:1>
6:130:183:1145:1184:1185:1>
3:04:06:07:08:130:031:032:033:183:0102:1145:0147:1148:1184:0185:0>
6:130:1102:0147:0>
3:14:16:030:031:1>
6:130:183:1145:1184:1>
3:04:06:07:130:031:032:183:0102:1145:0147:1148:0149:1184:0>
6:130:1102:0147:0>
3:14:16:030:031:1>
6:130:183:1145:1184:1185:1186:1>
3:04:06:07:08:09:130:031:032:033:034:183:0102:1145:0147:1148:1184:0185:0186:0>
6:130:1102:0147:0>
3:14:16:030:031:1>
6:130:183:1145:1151:1184:1>
3:04:06:07:130:031:032:183:0102:1145:0147:1148:0149:0150:1151:0154:0184:0>
6:130:1102:0147:0>
3:14:16:030:031:1>
6:130:183:1145:1184:1185:1>
3:04:06:07:08:130:031:032:033:183:0102:1145:0147:1148:1184:0185:0>
6:130:1102:0147:0>
3:14:16:030:031:1>
6:130:183:1145:1184:1>
3:04:06:07:130:031:032:183:0102:1145:0147:1148:0149:1155:0184:0>
6:130:1102:0147:0>
3:14:16:030:031:1>
6:130:183:1145:1184:1185:1186:1187:1188:1>
3:04:06:07:08:09:010:011:130:031:032:033:034:035:036:183:0102:1145:0147:1148:1156:0184:0185:0186:0187:0188:0>
6:130:1102:0147:0>
3:14:16:030:031:1>
6:130:183:1145:1151:1153:1157:1184:1>
3:04:06:07:130:031:032:183:0102:1145:0147:1148:0149:0150:0151:0152:0153:0154:1155:1156:1157:0184:0>
6:130:1102:0147:0>
3:14:16:030:031:1>
6:130:183:1145:1184:1185:1>
3:04:06:07:08:130:031:032:033:183:0102:1145:0147:1148:1184:0185:0>
6:130:1102:0147:0>
3:14:16:030:031:1>
6:130:183:1145:1184:1>
3:04:06:07:130:031:032:183:0102:1145:0147:1148:0149:1184:0>
6:130:1102:0147:0>
3:14:16:030:031:1>
6:130:183:1145:1184:1185:1186:1>
3:04:06:07:08:09:130:031:032:033:034:183:0102:1145:0147:1148:1184:0185:0186:0>
6:130:1102:0147:0>
3:14:16:030:031:1>
6:130:183:1145:1151:1184:1>
3:04:06:07:130:031:032:183:0102:1145:0147:1148:0149:0150:1151:0184:0>
6:130:1102:0147:0>
3:14:16:030:031:1>
6:130:183:1145:1184:1185:1>
3:04:06:07:08:130:031:032:033:183:0102:1145:0147:1148:1184:0185:0>
6:130:1102:0147:0>
3:14:16:030:031:1>
6:130:183:1145:1184:1>
3:04:06:07:130:031:032:183:0102:1145:0147:1148:0149:1184:0>
6:130:1102:0147:0>
3:14:16:030:031:1>
6:130:183:1145:1184:1185:1186:1187:1>
3:04:06:07:08:09:010:130:031:032:033:034:035:183:0102:1145:0147:1148:1184:0185:0186:0187:0>
6:130:1102:0147:0>
3:14:16:030:031:1>
6:130:183:1145:1151:1153:1184:1>
3:04:06:07:130:031:032:183:0102:1145:0147:1148:0149:0150:0151:0152:1153:0184:0>
6:130:1102:0147:0>
3:14:16:030:031:1>
6:130:183:1145:1184:1185:1>
3:04:06:07:08:130:031:032:033:183:0102:1145:0147:1148:1184:0185:0>
6:130:1102:0147:0>
3:14:16:030:031:1>
6:130:183:1145:1184:1>
3:04:06:07:130:031:032:183:0102:1145:0147:1148:0149:1184:0>
6:130:1102:0147:0>
3:14:16:030:031:1>
6:130:183:1145:1184:1185:1186:1>
3:04:06:07:08:09:130:031:032:033:034:183:0102:1145:0147:1148:1184:0185:0186:0>
6:130:1102:0147:0>
3:14:16:030:031:1>
6:130:183:1145:1151:1184:1>
3:04:06:07:130:031:032:183:0102:1145:0147:1148:0149:0150:1151:0154:0184:0>
6:130:1102:0147:0>
3:14:16:030:031:1>
6:130:183:1145:1184:1185:1>
3:04:06:07:08:130:031:032:033:183:0102:1145:0147:1148:1184:0185:0>
6:130:1102:0147:0>
3:14:16:030:031:1>
6:130:183:1145:1184:1>
3:04:06:07:130:031:032:183:0102:1145:0147:1148:0149:1155:0184:0>
6:130:1102:0147:0>
3:14:16:030:031:1>
6:130:183:1145:1184:1185:1186:1187:1188:1189:1>
3:04:06:07:08:09:010:011:012:130:031:032:033:034:035:036:037:183:0102:1145:0147:1148:1156:0184:0185:0186:0187:0188:0189:0>
6:130:1102:0147:0>
3:14:16:030:031:1>
6:130:183:1145:1151:1153:1157:1184:1>
3:04:06:07:130:031:032:183:0102:1145:0147:1148:0149:0150:0151:0152:0153:0154:1155:1156:1157:0184:0>
6:130:1102:0147:0>
3:14:16:030:031:1>
6:130:183:1145:1184:1185:1>
3:04:06:07:08:130:031:032:033:183:0102:1145:0147:1148:1184:0185:0>
6:130:1102:0147:0>
3:14:16:030:031:1>
6:130:183:1145:1184:1>
3:04:06:07:130:031:032:183:0102:1145:0147:1148:0149:1184:0>
6:130:1102:0147:0>
3:14:16:030:031:1>
6:130:183:1145:1184:1185:1186:1>
3:04:06:07:08:09:130:031:032:033:034:183:0102:1145:0147:1148:1184:0185:0186:0>
6:130:1102:0147:0>
3:14:16:030:031:1>
6:130:183:1145:1151:1184:1>
3:04:06:07:130:031:032:183:0102:1145:0147:1148:0149:0150:1151:0184:0>
6:130:1102:0147:0>
3:14:16:030:031:1>
6:130:183:1145:1184:1185:1>
3:04:06:07:08:130:031:032:033:183:0102:1145:0147:1148:1184:0185:0>
6:130:1102:0147:0>
3:14:16:030:031:1>
6:130:183:1145:1184:1>
3:04:06:07:130:031:032:183:0102:1145:0147:1148:0149:1184:0>
6:130:1102:0147:0>
3:14:16:030:031:1>
6:130:183:1145:1184:1185:1186:1187:1>
3:04:06:07:08:09:010:130:031:032:033:034:035:183:0102:1145:0147:1148:1184:0185:0186:0187:0>
6:130:1102:0147:0>
3:14:16:030:031:1>
6:130:183:1145:1151:1153:1184:1>
3:04:06:07:130:031:032:183:0102:1145:0147:1148:0149:0150:0151:0152:1153:0184:0>
6:130:1102:0147:0>
3:14:16:030:031:1>
6:130:183:1145:1184:1185:1>
3:04:06:07:08:130:031:032:033:183:0102:1145:0147:1148:1184:0185:0>
6:130:1102:0147:0>
3:14:16:030:031:1>
6:130:183:1145:1184:1>
3:04:06:07:130:031:032:183:0102:1145:0147:1148:0149:1184:0>
6:130:1102:0147:0>
3:14:16:030:031:1>
6:130:183:1145:1184:1185:1186:1>
3:04:06:07:08:09:130:031:032:033:034:183:0102:1145:0147:1148:1184:0185:0186:0>
6:130:1102:0147:0>
3:14:16:030:031:1>
6:130:183:1145:1151:1184:1>
3:04:06:07:130:031:032:183:0102:1145:0147:1148:0149:0150:1151:0154:0184:0>
6:130:1102:0147:0>
3:14:16:030:031:1>
6:130:183:1145:1184:1185:1>
3:04:06:07:08:130:031:032:033:183:0102:1145:0147:1148:1184:0185:0>
6:130:1102:0147:0>
3:14:16:030:031:1>
6:130:183:1145:1184:1>
3:04:06:07:130:031:032:183:0102:1145:0147:1148:0149:1155:0184:0>
6:130:1102:0147:0>
3:14:16:030:031:1>
6:130:183:1145:1184:1185:1186:1187:1188:1>
3:04:06:07:08:09:010:011:130:031:032:033:034:035:036:183:0102:1145:0147:1148:1156:0184:0185:0186:0187:0188:0>
6:130:1102:0147:0>
3:14:16:030:031:1>
6:130:183:1145:1151:1153:1157:1184:1>
3:04:06:07:130:031:032:183:0102:1145:0147:1148:0149:0150:0151:0152:0153:0154:1155:1156:1157:0184:0>
6:130:1102:0147:0>
3:14:16:030:031:1>
6:130:183:1145:1184:1185:1>
3:04:06:07:08:130:031:032:033:183:0102:1145:0147:1148:1184:0185:0>
6:130:1102:0147:0>
3:14:16:030:031:1>
6:130:183:1145:1184:1>
3:04:06:07:130:031:032:183:0102:1145:0147:1148:0149:1184:0>
6:130:1102:0147:0>
3:14:16:030:031:1>
6:130:183:1145:1184:1185:1186:1>
3:04:06:07:08:09:130:031:032:033:034:183:0102:1145:0147:1148:1184:0185:0186:0>
6:130:1102:0147:0>
3:14:16:030:031:1>
6:130:183:1145:1151:1184:1>
3:04:06:07:130:031:032:183:0102:1145:0147:1148:0149:0150:1151:0184:0>
6:130:1102:0147:0>
3:14:16:030:031:1>
6:130:183:1145:1184:1185:1>
3:04:06:07:08:130:031:032:033:183:0102:1145:0147:1148:1184:0185:0>
6:130:1102:0147:0>
3:14:16:030:031:1>
6:130:183:1145:1184:1>
3:04:06:07:130:031:032:183:0102:1145:0147:1148:0149:1184:0>
6:130:1102:0147:0>
3:14:16:030:031:1>
6:130:183:1145:1184:1185:1186:1187:1>
3:04:06:07:08:09:010:130:031:032:033:034:035:183:0102:1145:0147:1148:1184:0185:0186:0187:0>
6:130:1102:0147:0>
3:14:16:030:031:1>
6:130:183:1145:1151:1153:1184:1>
3:04:06:07:130:031:032:183:0102:1145:0147:1148:0149:0150:0151:0152:1153:0184:0>
6:130:1102:0147:0>
3:14:16:030:031:1>
6:130:183:1145:1184:1185:1>
3:04:06:07:08:130:031:032:033:183:0102:1145:0147:1148:1184:0185:0>
6:130:1102:0147:0>
3:14:16:030:031:1>
6:130:183:1145:1184:1>
3:04:06:07:130:031:032:183:0102:1145:0147:1148:0149:1184:0>
6:130:1102:0147:0>
3:14:16:030:031:1>
6:130:183:1145:1184:1185:1186:1>
3:04:06:07:08:09:130:031:032:033:034:183:0102:1145:0147:1148:1184:0185:0186:0>
6:130:1102:0147:0>
3:14:16:030:031:1>
6:130:183:1145:1151:1184:1>
3:04:06:07:130:031:032:183:0102:1145:0147:1148:0149:0150:1151:0154:0184:0>
6:130:1102:0147:0>
3:14:16:030:031:1>
6:130:183:1145:1184:1185:1>
3:04:06:07:08:130:031:032:033:183:0102:1145:0147:1148:1184:0185:0>
6:130:1102:0147:0>
3:14:16:030:031:1>
6:130:183:1145:1184:1>
3:04:06:07:130:031:032:183:0102:1145:0147:1148:0149:1155:0184:0>
6:130:1102:0147:0>
3:14:16:030:031:1>
6:130:183:1145:1184:1185:1186:1187:1188:1189:1190:1191:1>
3:04:06:07:08:09:010:011:012:013:014:130:031:032:033:034:035:036:037:038:039:183:0102:1145:0147:1148:1156:0184:0185:0186:0187:0188:0189:0190:0191:0>
6:130:1102:0147:0>
3:14:16:030:031:1>
6:130:183:1145:1151:1153:1157:1184:1>
3:04:06:07:130:031:032:183:0102:1145:0147:1148:0149:0150:0151:0152:0153:0154:1155:1156:1157:0184:0>
6:130:1102:0147:0>
3:14:16:030:031:1>
6:130:183:1145:1184:1185:1>
3:04:06:07:08:130:031:032:033:183:0102:1145:0147:1148:1184:0185:0>
6:130:1102:0147:0>
3:14:16:030:031:1>
6:130:183:1145:1184:1>
3:04:06:07:130:031:032:183:0102:1145:0147:1148:0149:1184:0>
6:130:1102:0147:0>
3:14:16:030:031:1>
6:130:183:1145:1184:1185:1186:1>
3:04:06:07:08:09:130:031:032:033:034:183:0102:1145:0147:1148:1184:0185:0186:0>
6:130:1102:0147:0>
3:14:16:030:031:1>
6:130:183:1145:1151:1184:1>
3:04:06:07:130:031:032:183:0102:1145:0147:1148:0149:0150:1151:0184:0>
6:130:1102:0147:0>
3:14:16:030:031:1>
6:130:183:1145:1184:1185:1>
3:04:06:07:08:130:031:032:033:183:0102:1145:0147:1148:1184:0185:0>
6:130:1102:0147:0>
3:14:16:030:031:1>
6:130:183:1145:1184:1>
3:04:06:07:130:031:032:183:0102:1145:0147:1148:0149:1184:0>
6:130:1102:0147:0>
3:14:16:030:031:1>
6:130:183:1145:1184:1185:1186:1187:1>
3:04:06:07:08:09:010:130:031:032:033:034:035:183:0102:1145:0147:1148:1184:0185:0186:0187:0>
6:130:1102:0147:0>
3:14:16:030:031:1>
6:130:183:1145:1151:1153:1184:1>
3:04:06:07:130:031:032:183:0102:1145:0147:1148:0149:0150:0151:0152:1153:0184:0>
6:130:1102:0147:0>
3:14:16:030:031:1>
6:130:183:1145:1184:1185:1>
3:04:06:07:08:130:031:032:033:183:0102:1145:0147:1148:1184:0185:0>
6:130:1102:0147:0>
3:14:16:030:031:1>
6:130:183:1145:1184:1>
3:04:06:07:130:031:032:183:0102:1145:0147:1148:0149:1184:0>
6:130:1102:0147:0>
3:14:16:030:031:1>
6:130:183:1145:1184:1185:1186:1>
3:04:06:07:08:09:130:031:032:033:034:183:0102:1145:0147:1148:1184:0185:0186:0>
6:130:1102:0147:0>
3:14:16:030:031:1>
6:130:183:1145:1151:1184:1>
3:04:06:07:130:031:032:183:0102:1145:0147:1148:0149:0150:1151:0154:0184:0>
6:130:1102:0147:0>
3:14:16:030:031:1>
6:130:183:1145:1184:1185:1>
3:04:06:07:08:130:031:032:033:183:0102:1145:0147:1148:1184:0185:0>
6:130:1102:0147:0>
3:14:16:030:031:1>
6:130:183:1145:1184:1>
3:04:06:07:130:031:032:183:0102:1145:0147:1148:0149:1155:0184:0>
6:130:1102:0147:0>
3:14:16:030:031:1>
6:130:183:1145:1184:1185:1186:1187:1188:1>
3:04:06:07:08:09:010:011:130:031:032:033:034:035:036:183:0102:1145:0147:1148:1156:0184:0185:0186:0187:0188:0>
6:130:1102:0147:0>
3:14:16:030:031:1>
6:130:183:1145:1151:1153:1157:1184:1>
3:04:06:07:130:031:032:183:0102:1145:0147:1148:0149:0150:0151:0152:0153:0154:1155:1156:1157:0184:0>
6:130:1102:0147:0>
3:14:16:030:031:1>
6:130:183:1145:1184:1185:1>
3:04:06:07:08:130:031:032:033:183:0102:1145:0147:1148:1184:0185:0>
6:130:1102:0147:0>
3:14:16:030:031:1>
6:130:183:1145:1184:1>
3:04:06:07:130:031:032:183:0102:1145:0147:1148:0149:1184:0>
6:130:1102:0147:0>
3:14:16:030:031:1>
6:130:183:1145:1184:1185:1186:1>
3:04:06:07:08:09:130:031:032:033:034:183:0102:1145:0147:1148:1184:0185:0186:0>
6:130:1102:0147:0>
3:14:16:030:031:1>
6:130:183:1145:1151:1184:1>
3:04:06:07:130:031:032:183:0102:1145:0147:1148:0149:0150:1151:0184:0>
6:130:1102:0147:0>
3:14:16:030:031:1>
6:130:183:1145:1184:1185:1>
3:04:06:07:08:130:031:032:033:183:0102:1145:0147:1148:1184:0185:0>
6:130:1102:0147:0>
3:14:16:030:031:1>
6:130:183:1145:1184:1>
3:04:06:07:130:031:032:183:0102:1145:0147:1148:0149:1184:0>
6:130:1102:0147:0>
3:14:16:030:031:1>
6:130:183:1145:1184:1185:1186:1187:1>
3:04:06:07:08:09:010:130:031:032:033:034:035:183:0102:1145:0147:1148:1184:0185:0186:0187:0>
6:130:1102:0147:0>
3:14:16:030:031:1>
6:130:183:1145:1151:1153:1184:1>
3:04:06:07:130:031:032:183:0102:1145:0147:1148:0149:0150:0151:0152:1153:0184:0>
6:130:1102:0147:0>
3:14:16:030:031:1>
6:130:183:1145:1184:1185:1>
3:04:06:07:08:130:031:032:033:183:0102:1145:0147:1148:1184:0185:0>
6:130:1102:0147:0>
3:14:16:030:031:1>
6:130:183:1145:1184:1>
3:04:06:07:130:031:032:183:0102:1145:0147:1148:0149:1184:0>
6:130:1102:0147:0>
3:14:16:030:031:1>
6:130:183:1145:1184:1185:1186:1>
3:04:06:07:08:09:130:031:032:033:034:183:0102:1145:0147:1148:1184:0185:0186:0>
6:130:1102:0147:0>
3:14:16:030:031:1>
6:130:183:1145:1151:1184:1>
3:04:06:07:130:031:032:183:0102:1145:0147:1148:0149:0150:1151:0154:0184:0>
6:130:1102:0147:0>
3:14:16:030:031:1>
6:130:183:1145:1184:1185:1>
3:04:06:07:08:130:031:032:033:183:0102:1145:0147:1148:1184:0185:0>
6:130:1102:0147:0>
3:14:16:030:031:1>
6:130:183:1145:1184:1>
3:04:06:07:130:031:032:183:0102:1145:0147:1148:0149:1155:0184:0>
6:130:1102:0147:0>
3:14:16:030:031:1>
6:130:183:1145:1184:1185:1186:1187:1188:1189:1>
3:04:06:07:08:09:010:011:012:130:031:032:033:034:035:036:037:183:0102:1145:0147:1148:1156:0184:0185:0186:0187:0188:0189:0>
6:130:1102:0147:0>
3:14:16:030:031:1>
6:130:183:1145:1151:1153:1157:1184:1>
3:04:06:07:130:031:032:183:0102:1145:0147:1148:0149:0150:0151:0152:0153:0154:1155:1156:1157:0184:0>
6:130:1102:0147:0>
3:14:16:030:031:1>
6:130:183:1145:1184:1185:1>
3:04:06:07:08:130:031:032:033:183:0102:1145:0147:1148:1184:0185:0>
6:130:1102:0147:0>
3:14:16:030:031:1>
6:130:183:1145:1184:1>
3:04:06:07:130:031:032:183:0102:1145:0147:1148:0149:1184:0>
6:130:1102:0147:0>
3:14:16:030:031:1>
6:130:183:1145:1184:1185:1186:1>
3:04:06:07:08:09:130:031:032:033:034:183:0102:1145:0147:1148:1184:0185:0186:0>
6:130:1102:0147:0>
3:14:16:030:031:1>
6:130:183:1145:1151:1184:1>
3:04:06:07:130:031:032:183:0102:1145:0147:1148:0149:0150:1151:0184:0>
6:130:1102:0147:0>
3:14:16:030:031:1>
6:130:183:1145:1184:1185:1>
3:04:06:07:08:130:031:032:033:183:0102:1145:0147:1148:1184:0185:0>
6:130:1102:0147:0>
3:14:16:030:031:1>
6:130:183:1145:1184:1>
3:04:06:07:130:031:032:183:0102:1145:0147:1148:0149:1184:0>
6:130:1102:0147:0>
3:14:16:030:031:1>
6:130:183:1145:1184:1185:1186:1187:1>
3:04:06:07:08:09:010:130:031:032:033:034:035:183:0102:1145:0147:1148:1184:0185:0186:0187:0>
6:130:1102:0147:0>
3:14:16:030:031:1>
6:130:183:1145:1151:1153:1184:1>
3:04:06:07:130:031:032:183:0102:1145:0147:1148:0149:0150:0151:0152:1153:0184:0>
6:130:1102:0147:0>
3:14:16:030:031:1>
6:130:183:1145:1184:1185:1>
3:04:06:07:08:130:031:032:033:183:0102:1145:0147:1148:1184:0185:0>
6:130:1102:0147:0>
3:14:16:030:031:1>
6:130:183:1145:1184:1>
3:04:06:07:130:031:032:183:0102:1145:0147:1148:0149:1184:0>
6:130:1102:0147:0>
3:14:16:030:031:1>
6:130:183:1145:1184:1185:1186:1>
3:04:06:07:08:09:130:031:032:033:034:183:0102:1145:0147:1148:1184:0185:0186:0>
6:130:1102:0147:0>
3:14:16:030:031:1>
6:130:183:1145:1151:1184:1>
3:04:06:07:130:031:032:183:0102:1145:0147:1148:0149:0150:1151:0154:0184:0>
6:130:1102:0147:0>
3:14:16:030:031:1>
6:130:183:1145:1184:1185:1>
3:04:06:07:08:130:031:032:033:183:0102:1145:0147:1148:1184:0185:0>
6:130:1102:0147:0>
3:14:16:030:031:1>
6:130:183:1145:1184:1>
3:04:06:07:130:031:032:183:0102:1145:0147:1148:0149:1155:0184:0>
6:130:1102:0147:0>
3:14:16:030:031:1>
6:130:183:1145:1184:1185:1186:1187:1188:1>
3:04:06:07:08:09:010:011:130:031:032:033:034:035:036:183:0102:1145:0147:1148:1156:0184:0185:0186:0187:0188:0>
6:130:1102:0147:0>
3:14:16:030:031:1>
6:130:183:1145:1151:1153:1157:1184:1>
3:04:06:07:130:031:032:183:0102:1145:0147:1148:0149:0150:0151:0152:0153:0154:1155:1156:1157:0184:0>
6:130:1102:0147:0>
3:14:16:030:031:1>
6:130:183:1145:1184:1185:1>
3:04:06:07:08:130:031:032:033:183:0102:1145:0147:1148:1184:0185:0>
6:130:1102:0147:0>
3:14:16:030:031:1>
6:130:183:1145:1184:1>
3:04:06:07:130:031:032:183:0102:1145:0147:1148:0149:1184:0>
6:130:1102:0147:0>
3:14:16:030:031:1>
6:130:183:1145:1184:1185:1186:1>
3:04:06:07:08:09:130:031:032:033:034:183:0102:1145:0147:1148:1184:0185:0186:0>
6:130:1102:0147:0>
3:14:16:030:031:1>
6:130:183:1145:1151:1184:1>
3:04:06:07:130:031:032:183:0102:1145:0147:1148:0149:0150:1151:0184:0>
6:130:1102:0147:0>
3:14:16:030:031:1>
6:130:183:1145:1184:1185:1>
3:04:06:07:08:130:031:032:033:183:0102:1145:0147:1148:1184:0185:0>
6:130:1102:0147:0>
3:14:16:030:031:1>
6:130:183:1145:1184:1>
3:04:06:07:130:031:032:183:0102:1145:0147:1148:0149:1184:0>
6:130:1102:0147:0>
3:14:16:030:031:1>
6:130:183:1145:1184:1185:1186:1187:1>
3:04:06:07:08:09:010:130:031:032:033:034:035:183:0102:1145:0147:1148:1184:0185:0186:0187:0>
6:130:1102:0147:0>
3:14:16:030:031:1>
6:130:183:1145:1151:1153:1184:1>
3:04:06:07:130:031:032:183:0102:1145:0147:1148:0149:0150:0151:0152:1153:0184:0>
6:130:1102:0147:0>
3:14:16:030:031:1>
6:130:183:1145:1184:1185:1>
3:04:06:07:08:130:031:032:033:183:0102:1145:0147:1148:1184:0185:0>
6:130:1102:0147:0>
3:14:16:030:031:1>
6:130:183:1145:1184:1>
3:04:06:07:130:031:032:183:0102:1145:0147:1148:0149:1184:0>
6:130:1102:0147:0>
3:14:16:030:031:1>
6:130:183:1145:1184:1185:1186:1>
3:04:06:07:08:09:130:031:032:033:034:183:0102:1145:0147:1148:1184:0185:0186:0>
6:130:1102:0147:0>
3:14:16:030:031:1>
6:130:183:1145:1151:1184:1>
3:04:06:07:130:031:032:183:0102:1145:0147:1148:0149:0150:1151:0154:0184:0>
6:130:1102:0147:0>
3:14:16:030:031:1>
6:130:183:1145:1184:1185:1>
3:04:06:07:08:130:031:032:033:183:0102:1145:0147:1148:1184:0185:0>
6:130:1102:0147:0>
3:14:16:030:031:1>
6:130:183:1145:1184:1>
3:04:06:07:130:031:032:183:0102:1145:0147:1148:0149:1155:0184:0>
6:130:1102:0147:0>
3:14:16:030:031:1>
6:130:183:1145:1184:1185:1186:1187:1188:1189:1190:1>
3:04:06:07:08:09:010:011:012:013:130:031:032:033:034:035:036:037:038:183:0102:1145:0147:1148:1156:0184:0185:0186:0187:0188:0189:0190:0>
6:130:1102:0147:0>
3:14:16:030:031:1>
6:130:183:1145:1151:1153:1157:1184:1>
3:04:06:07:130:031:032:183:0102:1145:0147:1148:0149:0150:0151:0152:0153:0154:1155:1156:1157:0184:0>
6:130:1102:0147:0>
3:14:16:030:031:1>
6:130:183:1145:1184:1185:1>
3:04:06:07:08:130:031:032:033:183:0102:1145:0147:1148:1184:0185:0>
6:130:1102:0147:0>
3:14:16:030:031:1>
6:130:183:1145:1184:1>
3:04:06:07:130:031:032:183:0102:1145:0147:1148:0149:1184:0>
6:130:1102:0147:0>
3:14:16:030:031:1>
6:130:183:1145:1184:1185:1186:1>
3:04:06:07:08:09:130:031:032:033:034:183:0102:1145:0147:1148:1184:0185:0186:0>
6:130:1102:0147:0>
3:14:16:030:031:1>
6:130:183:1145:1151:1184:1>
3:04:06:07:130:031:032:183:0102:1145:0147:1148:0149:0150:1151:0184:0>
6:130:1102:0147:0>
3:14:16:030:031:1>
6:130:183:1145:1184:1185:1>
3:04:06:07:08:130:031:032:033:183:0102:1145:0147:1148:1184:0185:0>
6:130:1102:0147:0>
3:14:16:030:031:1>
6:130:183:1145:1184:1>
3:04:06:07:130:031:032:183:0102:1145:0147:1148:0149:1184:0>
6:130:1102:0147:0>
3:14:16:030:031:1>
6:130:183:1145:1184:1185:1186:1187:1>
3:04:06:07:08:09:010:130:031:032:033:034:035:183:0102:1145:0147:1148:1184:0185:0186:0187:0>
6:130:1102:0147:0>
3:14:16:030:031:1>
6:130:183:1145:1151:1153:1184:1>
3:04:06:07:130:031:032:183:0102:1145:0147:1148:0149:0150:0151:0152:1153:0184:0>
6:130:1102:0147:0>
3:14:16:030:031:1>
6:130:183:1145:1184:1185:1>
3:04:06:07:08:130:031:032:033:183:0102:1145:0147:1148:1184:0185:0>
6:130:1102:0147:0>
3:14:16:030:031:1>
6:130:183:1145:1184:1>
3:04:06:07:130:031:032:183:0102:1145:0147:1148:0149:1184:0>
6:130:1102:0147:0>
3:14:16:030:031:1>
6:130:183:1145:1184:1185:1186:1>
3:04:06:07:08:09:130:031:032:033:034:183:0102:1145:0147:1148:1184:0185:0186:0>
6:130:1102:0147:0>
3:14:16:030:031:1>
6:130:183:1145:1151:1184:1>
3:04:06:07:130:031:032:183:0102:1145:0147:1148:0149:0150:1151:0154:0184:0>
6:130:1102:0147:0>
3:14:16:030:031:1>
6:130:183:1145:1184:1185:1>
3:04:06:07:08:130:031:032:033:183:0102:1145:0147:1148:1184:0185:0>
6:130:1102:0147:0>
3:14:16:030:031:1>
6:130:183:1145:1184:1>
3:04:06:07:130:031:032:183:0102:1145:0147:1148:0149:1155:0184:0>
6:130:1102:0147:0>
3:14:16:030:031:1>
6:130:183:1145:1184:1185:1186:1187:1188:1>
3:04:06:07:08:09:010:011:130:031:032:033:034:035:036:183:0102:1145:0147:1148:1156:0184:0185:0186:0187:0188:0>
6:130:1102:0147:0>
3:14:16:030:031:1>
6:130:183:1145:1151:1153:1157:1184:1>
3:04:06:07:130:031:032:183:0102:1145:0147:1148:0149:0150:0151:0152:0153:0154:1155:1156:1157:0184:0>
6:130:1102:0147:0>
3:14:16:030:031:1>
6:130:183:1145:1184:1185:1>
3:04:06:07:08:130:031:032:033:183:0102:1145:0147:1148:1184:0185:0>
6:130:1102:0147:0>
3:14:16:030:031:1>
6:130:183:1145:1184:1>
3:04:06:07:130:031:032:183:0102:1145:0147:1148:0149:1184:0>
6:130:1102:0147:0>
3:14:16:030:031:1>
6:130:183:1145:1184:1185:1186:1>
3:04:06:07:08:09:130:031:032:033:034:183:0102:1145:0147:1148:1184:0185:0186:0>
6:130:1102:0147:0>
3:14:16:030:031:1>
6:130:183:1145:1151:1184:1>
3:04:06:07:130:031:032:183:0102:1145:0147:1148:0149:0150:1151:0184:0>
6:130:1102:0147:0>
3:14:16:030:031:1>
6:130:183:1145:1184:1185:1>
3:04:06:07:08:130:031:032:033:183:0102:1145:0147:1148:1184:0185:0>
6:130:1102:0147:0>
3:14:16:030:031:1>
6:130:183:1145:1184:1>
3:04:06:07:130:031:032:183:0102:1145:0147:1148:0149:1184:0>
6:130:1102:0147:0>
3:14:16:030:031:1>
6:130:183:1145:1184:1185:1186:1187:1>
3:04:06:07:08:09:010:130:031:032:033:034:035:183:0102:1145:0147:1148:1184:0185:0186:0187:0>
6:130:1102:0147:0>
3:14:16:030:031:1>
6:130:183:1145:1151:1153:1184:1>
3:04:06:07:130:031:032:183:0102:1145:0147:1148:0149:0150:0151:0152:1153:0184:0>
6:130:1102:0147:0>
3:14:16:030:031:1>
6:130:183:1145:1184:1185:1>
3:04:06:07:08:130:031:032:033:183:0102:1145:0147:1148:1184:0185:0>
6:130:1102:0147:0>
3:14:16:030:031:1>
6:130:183:1145:1184:1>
3:04:06:07:130:031:032:183:0102:1145:0147:1148:0149:1184:0>
6:130:1102:0147:0>
3:14:16:030:031:1>
6:130:183:1145:1184:1185:1186:1>
3:04:06:07:08:09:130:031:032:033:034:183:0102:1145:0147:1148:1184:0185:0186:0>
6:130:1102:0147:0>
3:14:16:030:031:1>
6:130:183:1145:1151:1184:1>
3:04:06:07:130:031:032:183:0102:1145:0147:1148:0149:0150:1151:0154:0184:0>
6:130:1102:0147:0>
3:14:16:030:031:1>
6:130:183:1145:1184:1185:1>
3:04:06:07:08:130:031:032:033:183:0102:1145:0147:1148:1184:0185:0>
6:130:1102:0147:0>
3:14:16:030:031:1>
6:130:183:1145:1184:1>
3:04:06:07:130:031:032:183:0102:1145:0147:1148:0149:1155:0184:0>
6:130:1102:0147:0>
3:14:16:030:031:1>
6:130:183:1145:1184:1185:1186:1187:1188:1189:1>
3:04:06:07:08:09:010:011:012:130:031:032:033:034:035:036:037:183:0102:1145:0147:1148:1156:0184:0185:0186:0187:0188:0189:0>
6:130:1102:0147:0>
3:14:16:030:031:1>
6:130:183:1145:1151:1153:1157:1184:1>
3:04:06:07:130:031:032:183:0102:1145:0147:1148:0149:0150:0151:0152:0153:0154:1155:1156:1157:0184:0>
6:130:1102:0147:0>
3:14:16:030:031:1>
6:130:183:1145:1184:1185:1>
3:04:06:07:08:130:031:032:033:183:0102:1145:0147:1148:1184:0185:0>
6:130:1102:0147:0>
3:14:16:030:031:1>
6:130:183:1145:1184:1>
3:04:06:07:130:031:032:183:0102:1145:0147:1148:0149:1184:0>
6:130:1102:0147:0>
3:14:16:030:031:1>
6:130:183:1145:1184:1185:1186:1>
3:04:06:07:08:09:130:031:032:033:034:183:0102:1145:0147:1148:1184:0185:0186:0>
6:130:1102:0147:0>
3:14:16:030:031:1>
6:130:183:1145:1151:1184:1>
3:04:06:07:130:031:032:183:0102:1145:0147:1148:0149:0150:1151:0184:0>
6:130:1102:0147:0>
3:14:16:030:031:1>
6:130:183:1145:1184:1185:1>
3:04:06:07:08:130:031:032:033:183:0102:1145:0147:1148:1184:0185:0>
6:130:1102:0147:0>
3:14:16:030:031:1>
6:130:183:1145:1184:1>
3:04:06:07:130:031:032:183:0102:1145:0147:1148:0149:1184:0>
6:130:1102:0147:0>
3:14:16:030:031:1>
6:130:183:1145:1184:1185:1186:1187:1>
